
=== RUN 2026-08-29T02:21:08.840347Z ===
2026-08-29T02:21:08.840347Z	REJECT	Animalz: Senior Content Marketer  SEO	https://weworkremotely.com/remote-jobs/animalz-senior-content-marketer-seo-1	source: rss | local/hybrid location match | keyword hits (1): discovery (+6) | match tier: reject | final score: 6/50
2026-08-29T02:21:08.840347Z	REJECT	Animalz: Senior Content Marketer  Campaigns/Enterprise	https://weworkremotely.com/remote-jobs/animalz-senior-content-marketer-campaigns-enterprise	source: rss | local/hybrid location match | match tier: reject | final score: 0/50
2026-08-29T02:21:08.840347Z	REJECT	Evident Change: Senior Full-Stack Software Engineer	https://weworkremotely.com/remote-jobs/evident-change-senior-full-stack-software-engineer	source: rss | remote match | local/hybrid location match | match tier: reject | final score: 0/50
2026-08-29T02:21:08.840347Z	REJECT	Toptal: [PT/FT] Senior Roblox Developer & Game Designer	https://weworkremotely.com/remote-jobs/toptal-pt-ft-senior-roblox-developer-game-designer	source: rss | location mismatch
2026-08-29T02:21:08.840347Z	REJECT	Toggl: Senior Full Stack	https://weworkremotely.com/remote-jobs/toggl-senior-full-stack	source: rss | remote match | match tier: reject | final score: 0/50
2026-08-29T02:21:08.840347Z	REJECT	Argos Multilingual Inc.: AI Data Annotator - Remote	https://weworkremotely.com/remote-jobs/argos-multilingual-inc-ai-data-annotator-remote	source: rss | remote match | local/hybrid location match | match tier: reject | final score: 0/50
2026-08-29T02:21:08.840347Z	REJECT	Ellipsis®: Accounts Lead (Remote  UK/EU - £60-65k)	https://weworkremotely.com/remote-jobs/ellipsis-accounts-lead-remote-uk-eu-60-65k	source: rss | locked out by region restriction
2026-08-29T02:21:08.840347Z	REJECT	Ondeckglobal: iGaming UI/UX Designer	https://weworkremotely.com/remote-jobs/ondeckglobal-igaming-ui-ux-designer	source: rss | remote match | keyword hits (1): discovery (+6) | match tier: reject | final score: 6/50
2026-08-29T02:21:08.840347Z	REJECT	Zscaler: Account Executive  Commercial (West)	https://weworkremotely.com/remote-jobs/zscaler-account-executive-commercial-west	source: rss | remote match | match tier: reject | final score: 0/50
2026-08-29T02:21:08.840347Z	REJECT	Chime Financial  Inc: Genesys Platform Program Lead	https://weworkremotely.com/remote-jobs/chime-financial-inc-genesys-platform-program-lead	source: rss | locked out by region restriction
2026-08-29T02:21:08.840347Z	REJECT	Forter: General Application (United Kingdom)	https://weworkremotely.com/remote-jobs/forter-general-application-united-kingdom	source: rss | remote match | match tier: reject | final score: 0/50
2026-08-29T02:21:08.840347Z	REJECT	Chime Financial  Inc: CX Partner Manager	https://weworkremotely.com/remote-jobs/chime-financial-inc-cx-partner-manager	source: rss | locked out by region restriction
2026-08-29T02:21:08.840347Z	REJECT	Zscaler: Account Executive  Commercial - Mountain West	https://weworkremotely.com/remote-jobs/zscaler-account-executive-commercial-mountain-west	source: rss | remote match | match tier: reject | final score: 0/50
2026-08-29T02:21:08.840347Z	REJECT	UCM Practice Growth Systems: Client Success Manager ( $4 000-$5 000/mo Potential )	https://weworkremotely.com/remote-jobs/ucm-practice-growth-systems-client-success-manager-4-000-5-000-mo-potential	source: rss | location mismatch
2026-08-29T02:21:08.840347Z	REJECT	Profitable Painter CPA PLLC: Tax Preparer (US)	https://weworkremotely.com/remote-jobs/profitable-painter-cpa-pllc-tax-preparer-us	source: rss | remote match | match tier: reject | final score: 0/50
2026-08-29T02:21:08.840347Z	REJECT	Profitable Painter CPA PLLC: Senior Tax Preparer/Reviewer	https://weworkremotely.com/remote-jobs/profitable-painter-cpa-pllc-senior-tax-preparer-reviewer	source: rss | remote match | match tier: reject | final score: 0/50
2026-08-29T02:21:08.840347Z	REJECT	Lemon.io: Senior React Full-stack Developer	https://weworkremotely.com/remote-jobs/lemon-io-senior-react-full-stack-developer-6	source: rss | remote match | local/hybrid location match | match tier: reject | final score: 0/50
2026-08-29T02:21:08.840347Z	REJECT	ATOM PARTNERS LIMITED: Junior Crypto Trader (Remote)	https://weworkremotely.com/remote-jobs/atom-partners-limited-junior-crypto-trader-remote	source: rss | remote match | excluded by keyword(s): junior
2026-08-29T02:21:08.840347Z	REJECT	Databricks: AI Engineer - FDE (Forward Deployed Engineer)	https://weworkremotely.com/remote-jobs/databricks-ai-engineer-fde-forward-deployed-engineer-1	source: rss | locked out by region restriction
2026-08-29T02:21:08.840347Z	REJECT	Melio: Sales Development Representative	https://weworkremotely.com/remote-jobs/melio-sales-development-representative	source: rss | locked out by region restriction
2026-08-29T02:21:08.840347Z	REJECT	Databricks: AI Engineer - FDE (Forward Deployed Engineer)	https://weworkremotely.com/remote-jobs/databricks-ai-engineer-fde-forward-deployed-engineer	source: rss | remote match | match tier: reject | final score: 0/50
2026-08-29T02:21:08.840347Z	REJECT	HighRadius: Sales Transformation (Enterprise Expansion) - Northeast	https://weworkremotely.com/remote-jobs/highradius-sales-transformation-enterprise-expansion-northeast	source: rss | local/hybrid location match | locked out by region restriction | match tier: reject | final score: 0/50
2026-08-29T02:21:08.840347Z	REJECT	Melio: Customer Success Manager	https://weworkremotely.com/remote-jobs/melio-customer-success-manager	source: rss | locked out by region restriction
2026-08-29T02:21:08.840347Z	REJECT	Coaching.com: Customer Success Manager (UK)	https://weworkremotely.com/remote-jobs/coaching-com-customer-success-manager-uk	source: rss | local/hybrid location match | locked out by region restriction | match tier: reject | final score: 0/50
2026-08-29T02:21:08.840347Z	REJECT	Carelock.com: Behavioral Health Integration Specialist	https://weworkremotely.com/remote-jobs/carelock-com-behavioral-health-integration-specialist	source: rss | local/hybrid location match | match tier: reject | final score: 0/50
2026-08-29T02:21:08.840347Z	REJECT	Spiralyze: Video Editor (LinkedIn Content)	https://weworkremotely.com/remote-jobs/spiralyze-video-editor-linkedin-content	source: rss | location mismatch
2026-08-29T02:21:08.840347Z	REJECT	Toptal: Automation Engineer (UIPath) for innovative AI Project	https://weworkremotely.com/remote-jobs/toptal-automation-engineer-uipath-for-innovative-ai-project	source: rss | location mismatch
2026-08-29T02:21:08.840347Z	REJECT	Toptal: Mechanical Engineer	https://weworkremotely.com/remote-jobs/toptal-mechanical-engineer	source: rss | remote match | match tier: reject | final score: 0/50
2026-08-29T02:21:08.840347Z	REJECT	IxDF - Interaction Design Foundation: Course Director: UX  UI  and AI	https://weworkremotely.com/remote-jobs/ixdf-interaction-design-foundation-course-director-ux-ui-and-ai	source: rss | location mismatch
2026-08-29T02:21:08.840347Z	REJECT	IxDF - Interaction Design Foundation: Education Designer: UX  UI  and AI	https://weworkremotely.com/remote-jobs/ixdf-interaction-design-foundation-education-designer-ux-ui-and-ai	source: rss | location mismatch
2026-08-29T02:21:08.840347Z	REJECT	IxDF - Interaction Design Foundation: Course Writer and Editor: UX  UI  and AI	https://weworkremotely.com/remote-jobs/ixdf-interaction-design-foundation-course-writer-and-editor-ux-ui-and-ai	source: rss | location mismatch
2026-08-29T02:21:08.840347Z	REJECT	Keeper Security: Associate Account Manager  SLED	https://weworkremotely.com/remote-jobs/keeper-security-associate-account-manager-sled	source: rss | locked out by region restriction
2026-08-29T02:21:08.840347Z	REJECT	Keeper Security: Associate Account Manager	https://weworkremotely.com/remote-jobs/keeper-security-associate-account-manager	source: rss | locked out by region restriction
2026-08-29T02:21:08.840347Z	REJECT	OfferUp: Software Development Engineer II Full Stack - Business (Remote @ Colombia)	https://weworkremotely.com/remote-jobs/offerup-software-development-engineer-ii-full-stack-business-remote-colombia	source: rss | remote match | match tier: reject | final score: 0/50
2026-08-29T02:21:08.840347Z	REJECT	Typeform: Director of Accounting & Controlling	https://weworkremotely.com/remote-jobs/typeform-director-of-accounting-controlling	source: rss | locked out by region restriction
2026-08-29T02:21:08.840347Z	REJECT	OfferUp: Senior Cloud Engineer (Hybrid @ Bellevue  WA or Remote @ Florida)	https://weworkremotely.com/remote-jobs/offerup-senior-cloud-engineer-hybrid-bellevue-wa-or-remote-florida	source: rss | remote match | match tier: reject | final score: 0/50
2026-08-29T02:21:08.840347Z	REJECT	Flexport: Customs Associate	https://weworkremotely.com/remote-jobs/flexport-customs-associate	source: rss | remote match | match tier: reject | final score: 0/50
2026-08-29T02:21:08.840347Z	REJECT	Lemon.io: Senior DevOps Engineer	https://weworkremotely.com/remote-jobs/lemon-io-senior-devops-engineer-3	source: rss | remote match | local/hybrid location match | match tier: reject | final score: 0/50
2026-08-29T02:21:08.840347Z	REJECT	Faire: Senior Manager  Global Equity	https://weworkremotely.com/remote-jobs/faire-senior-manager-global-equity	source: rss | locked out by region restriction
2026-08-29T02:21:08.840347Z	REJECT	Abnormal: Application Security Engineer II	https://weworkremotely.com/remote-jobs/abnormal-application-security-engineer-ii	source: rss | locked out by region restriction
2026-08-29T02:21:08.840347Z	REJECT	Abnormal: Critical Situation Manager	https://weworkremotely.com/remote-jobs/abnormal-critical-situation-manager	source: rss | locked out by region restriction
2026-08-29T02:21:08.840347Z	REJECT	Grafana Labs: Associate Observability Architect | PST | Remote	https://weworkremotely.com/remote-jobs/grafana-labs-associate-observability-architect-pst-remote	source: rss | remote match | local/hybrid location match | keyword hits (1): discovery (+6) | match tier: reject | final score: 6/50
2026-08-29T02:21:08.840347Z	REJECT	Customer.io: Director  GTM Finance	https://weworkremotely.com/remote-jobs/customer-io-director-gtm-finance	source: rss | remote match | match tier: reject | final score: 0/50
2026-08-29T02:21:08.840347Z	REJECT	GitLab: AI Transformation Owner  Product & Design	https://weworkremotely.com/remote-jobs/gitlab-ai-transformation-owner-product-design	source: rss | local/hybrid location match | locked out by region restriction | match tier: reject | final score: 0/50
2026-08-29T02:21:08.840347Z	REJECT	Customer.io: Contract Legal Assistant	https://weworkremotely.com/remote-jobs/customer-io-contract-legal-assistant	source: rss | remote match | match tier: reject | final score: 0/50
2026-08-29T02:21:08.840347Z	REJECT	LaunchDarkly: Engineering Manager  Experimentation	https://weworkremotely.com/remote-jobs/launchdarkly-engineering-manager-experimentation	source: rss | locked out by region restriction
2026-08-29T02:21:08.840347Z	REJECT	LaunchDarkly: Commercial Counsel	https://weworkremotely.com/remote-jobs/launchdarkly-commercial-counsel	source: rss | locked out by region restriction
2026-08-29T02:21:08.840347Z	REJECT	BeyondTrust: Associate Instructor	https://weworkremotely.com/remote-jobs/beyondtrust-associate-instructor	source: rss | locked out by region restriction
2026-08-29T02:21:08.840347Z	REJECT	Temporal Technologies: Senior Application Security Engineer	https://weworkremotely.com/remote-jobs/temporal-technologies-senior-application-security-engineer	source: rss | remote match | local/hybrid location match | match tier: reject | final score: 0/50
2026-08-29T02:21:08.840347Z	REJECT	Galileo: Medical Licensing Specialist (Contract)	https://weworkremotely.com/remote-jobs/galileo-medical-licensing-specialist-contract	source: rss | remote match | local/hybrid location match | match tier: reject | final score: 0/50
2026-08-29T02:21:08.840347Z	REJECT	Pendo: Director  Customer Growth & Lifecycle	https://weworkremotely.com/remote-jobs/pendo-director-customer-growth-lifecycle	source: rss | remote match | local/hybrid location match | match tier: reject | final score: 0/50
2026-08-29T02:21:08.840347Z	REJECT	6sense: Benefits Partner	https://weworkremotely.com/remote-jobs/6sense-benefits-partner	source: rss | remote match | local/hybrid location match | match tier: reject | final score: 0/50
2026-08-29T02:21:08.840347Z	REJECT	Mercury: Senior Product Designer Mobile	https://weworkremotely.com/remote-jobs/mercury-senior-product-designer-mobile	source: rss | remote match | local/hybrid location match | match tier: reject | final score: 0/50
2026-08-29T02:21:08.840347Z	REJECT	Blue Whale Lending Llc.: Graphic Design Assistant	https://weworkremotely.com/remote-jobs/blue-whale-lending-llc-graphic-design-assistant	source: rss | remote match | match tier: reject | final score: 0/50
2026-08-29T02:21:08.840347Z	REJECT	Duel.com: Product Owner	https://weworkremotely.com/remote-jobs/duel-com-product-owner	source: rss | remote match | match tier: reject | final score: 0/50
2026-08-29T02:21:08.840347Z	REJECT	Ingenious.build: Senior Product Designer	https://weworkremotely.com/remote-jobs/ingenious-build-senior-product-designer	source: rss | remote match | match tier: reject | final score: 0/50
2026-08-29T02:21:08.840347Z	REJECT	E. Breuninger& Co.: Product Owner (m/w/d) Tools & Systeme Customer Service // remote möglich	https://weworkremotely.com/remote-jobs/e-breuninger-co-product-owner-m-w-d-tools-systeme-customer-service-remote-moglich	source: rss | remote match | match tier: reject | final score: 0/50
2026-08-29T02:21:08.840347Z	REJECT	Great Minds: Principal Product Manager (Content Authoring  Delivery & CMS)	https://weworkremotely.com/remote-jobs/great-minds-principal-product-manager-content-authoring-delivery-cms	source: rss | local/hybrid location match | keyword hits (1): discovery (+6) | match tier: reject | final score: 6/50
2026-08-29T02:21:08.840347Z	REJECT	Nucs Ai: Senior Product Manager	https://weworkremotely.com/remote-jobs/nucs-ai-senior-product-manager	source: rss | location mismatch
2026-08-29T02:21:08.840347Z	REJECT	Leland: Product Management Coach (Contract)	https://weworkremotely.com/remote-jobs/leland-product-management-coach-contract	source: rss | remote match | match tier: reject | final score: 0/50
2026-08-29T02:21:08.840347Z	REJECT	Ischool: Graphic Design instructor - Project Based	https://weworkremotely.com/remote-jobs/ischool-graphic-design-instructor-project-based	source: rss | location mismatch
2026-08-29T02:21:08.840347Z	REJECT	Integrated Hire: Account Manager – Client Services	https://weworkremotely.com/remote-jobs/integrated-hire-account-manager-client-services	source: rss | remote match | local/hybrid location match | match tier: reject | final score: 0/50
2026-08-29T02:21:08.840347Z	REJECT	Zenara Health: DevOps & Security Engineer - AI-Native Healthcare SaaS	https://weworkremotely.com/remote-jobs/zenara-health-devops-security-engineer-ai-native-healthcare-saas	source: rss | location mismatch
2026-08-29T02:21:08.840347Z	REJECT	Thatch: Product Designer	https://weworkremotely.com/remote-jobs/thatch-product-designer	source: rss | locked out by region restriction
2026-08-29T02:21:08.840347Z	REJECT	Fisher Associates  P.e.  L.s.  L.a.  D.: Precast Design Engineer	https://weworkremotely.com/remote-jobs/fisher-associates-p-e-l-s-l-a-d-precast-design-engineer	source: rss | remote match | match tier: reject | final score: 0/50
2026-08-29T02:21:08.840347Z	REJECT	Destination Knot: Customer Support Reservation Services (Remote)	https://weworkremotely.com/remote-jobs/destination-knot-customer-support-reservation-services-remote	source: rss | remote match | match tier: reject | final score: 0/50
2026-08-29T02:21:08.840347Z	REJECT	Collaboration.Ai: Senior Software AI Engineer	https://weworkremotely.com/remote-jobs/collaboration-ai-senior-software-ai-engineer	source: rss | location mismatch
2026-08-29T02:21:08.840347Z	REJECT	Braze: Customer Success Manager II	https://weworkremotely.com/remote-jobs/braze-customer-success-manager-ii	source: rss | remote match | match tier: reject | final score: 0/50
2026-08-29T02:21:08.840347Z	REJECT	Hightouch: Customer Success Engineer	https://weworkremotely.com/remote-jobs/hightouch-customer-success-engineer	source: rss | remote match | local/hybrid location match | keyword hits (1): discovery (+6) | match tier: reject | final score: 6/50
2026-08-29T02:21:08.840347Z	REJECT	Typeform: Customer Success Manager	https://weworkremotely.com/remote-jobs/typeform-customer-success-manager	source: rss | remote match | local/hybrid location match | match tier: reject | final score: 0/50
2026-08-29T02:21:08.840347Z	REJECT	Vercel: GRC Analyst	https://weworkremotely.com/remote-jobs/vercel-grc-analyst	source: rss | remote match | local/hybrid location match | match tier: reject | final score: 0/50
2026-08-29T02:21:08.840347Z	REJECT	OKX: Affiliate BD Manager (Taiwan)	https://weworkremotely.com/remote-jobs/okx-affiliate-bd-manager-taiwan	source: rss | remote match | match tier: reject | final score: 0/50
2026-08-29T02:21:08.840347Z	REJECT	ZoomInfo Technologies LLC: Director  FinOps	https://weworkremotely.com/remote-jobs/zoominfo-technologies-llc-director-finops	source: rss | remote match | match tier: reject | final score: 0/50
2026-08-29T02:21:08.840347Z	REJECT	Proxify AB: Senior Ruby on Rails Developer (AI-Augmented Engineering)	https://weworkremotely.com/remote-jobs/proxify-ab-senior-ruby-on-rails-developer-ai-augmented-engineering	source: rss | location mismatch
2026-08-29T02:21:08.840347Z	REJECT	Proxify AB: Senior Backend Developer (Python)	https://weworkremotely.com/remote-jobs/proxify-ab-senior-backend-developer-python-9	source: rss | location mismatch
2026-08-29T02:21:08.840347Z	REJECT	Mercury: Counsel  Product & Regulatory - Payments & AML	https://weworkremotely.com/remote-jobs/mercury-counsel-product-regulatory-payments-aml	source: rss | remote match | local/hybrid location match | match tier: reject | final score: 0/50
2026-08-29T02:21:08.840347Z	REJECT	Lemon.io: Senior AI Engineer	https://weworkremotely.com/remote-jobs/lemon-io-senior-ai-engineer-4	source: rss | remote match | local/hybrid location match | match tier: reject | final score: 0/50
2026-08-29T02:21:08.840347Z	REJECT	thehivecareers.co: Web Developer (Remote)	https://weworkremotely.com/remote-jobs/thehivecareers-co-web-developer-remote-1	source: rss | remote match | match tier: reject | final score: 0/50
2026-08-29T02:21:08.840347Z	REJECT	Charles Technology Africa: Web Developer	https://weworkremotely.com/remote-jobs/charles-technology-africa-web-developer	source: rss | remote match | match tier: reject | final score: 0/50
2026-08-29T02:21:08.840347Z	REJECT	TestGorilla: Senior Demand Generation Manager	https://weworkremotely.com/remote-jobs/testgorilla-senior-demand-generation-manager	source: rss | location mismatch
2026-08-29T02:21:08.840347Z	REJECT	Advanced Shoulder Knee Ortho: Spanish-Speaking Virtual Medical Assistant (Bilingual English/Spanish)	https://weworkremotely.com/remote-jobs/advanced-shoulder-knee-ortho-spanish-speaking-virtual-medical-assistant-bilingual-english-spanish	source: rss | location mismatch
2026-08-29T02:21:08.840347Z	REJECT	Zapiet: Head of Marketing	https://weworkremotely.com/remote-jobs/zapiet-head-of-marketing	source: rss | remote match | senior role with relevant keywords: head (+10) | keyword hits (1): discovery (+6) | match tier: reject | final score: 16/50
2026-08-29T02:21:08.840347Z	REJECT	garden3d: Head of Design	https://weworkremotely.com/remote-jobs/garden3d-head-of-design	source: rss | local/hybrid location match | match tier: reject | final score: 0/50
2026-08-29T02:21:08.840347Z	REJECT	DesignFiles: Content Marketing Coordinator	https://weworkremotely.com/remote-jobs/designfiles-content-marketing-coordinator	source: rss | remote match | match tier: reject | final score: 0/50
2026-08-29T02:21:08.840347Z	REJECT	Ignition  Inc.: Mac MSP Help Desk Guru (work from home)	https://weworkremotely.com/remote-jobs/ignition-inc-mac-msp-help-desk-guru-work-from-home	source: rss | remote match | match tier: reject | final score: 0/50
2026-08-29T02:21:08.840347Z	REJECT	NoGigiddy: Entry-Level Account Manager	https://weworkremotely.com/remote-jobs/nogigiddy-entry-level-account-manager-4	source: rss | remote match | excluded by keyword(s): entry level
2026-08-29T02:21:08.840347Z	REJECT	Egear : Senior Google Ads Media Buyer / Performance Marketing Lead	https://weworkremotely.com/remote-jobs/egear-senior-google-ads-media-buyer-performance-marketing-lead	source: rss | location mismatch
2026-08-29T02:21:08.840347Z	REJECT	Elite Software Automation: Business Analyst	https://weworkremotely.com/remote-jobs/elite-software-automation-business-analyst-2	source: rss | remote match | match tier: reject | final score: 0/50
2026-08-29T02:21:08.840347Z	REJECT	New Law Business Model: Marketing Automation SaaS + Services Line of Business Owner	https://weworkremotely.com/remote-jobs/new-law-business-model-marketing-automation-saas-services-line-of-business-owner	source: rss | location mismatch
2026-08-29T02:21:08.840347Z	REJECT	Product Owner  Technical - AI Stockbroking	https://himalayas.app/companies/bjak/jobs/product-owner-technical-ai-stockbroking-42712241	source: rss | location mismatch
2026-08-29T02:21:08.840347Z	REJECT	Product Owner  Technical - AI Finance	https://himalayas.app/companies/bjak/jobs/product-owner-technical-ai-finance-4445832406	source: rss | location mismatch
2026-08-29T02:21:08.840347Z	REJECT	US Healthcare Professionals: Interview On Medication Selection	https://himalayas.app/companies/terac/jobs/us-healthcare-professionals-interview-on-medication-selection	source: rss | location mismatch
2026-08-29T02:21:08.840347Z	REJECT	Product Owner  Technical - AI Investing	https://himalayas.app/companies/bjak/jobs/product-owner-technical-ai-investing	source: rss | location mismatch
2026-08-29T02:21:08.840347Z	REJECT	Product Owner  Technical - AI Stockbroking	https://himalayas.app/companies/bjak/jobs/product-owner-technical-ai-stockbroking-7139958526	source: rss | location mismatch
2026-08-29T02:21:08.840347Z	REJECT	Lead Software Engineer	https://himalayas.app/companies/bjak/jobs/lead-software-engineer-7657188878	source: rss | location mismatch
2026-08-29T02:21:08.840347Z	REJECT	Lead Software Engineer	https://himalayas.app/companies/bjak/jobs/lead-software-engineer-6703079801	source: rss | location mismatch
2026-08-29T02:21:08.840347Z	REJECT	Account Manager - German speaking	https://himalayas.app/companies/iwoca/jobs/account-manager-german-speaking	source: rss | location mismatch
2026-08-29T02:21:08.840347Z	REJECT	Product Owner  Technical - AI Neobank	https://himalayas.app/companies/bjak/jobs/product-owner-technical-ai-neobank	source: rss | location mismatch
2026-08-29T02:21:08.840347Z	REJECT	Product Engineer - AI Neobank	https://himalayas.app/companies/bjak/jobs/product-engineer-ai-neobank	source: rss | location mismatch
2026-08-29T02:21:08.840347Z	REJECT	Product Engineer - AI Investing	https://himalayas.app/companies/bjak/jobs/product-engineer-ai-investing	source: rss | location mismatch
2026-08-29T02:21:08.840347Z	REJECT	Staff Software Engineer	https://himalayas.app/companies/bjak/jobs/staff-software-engineer	source: rss | location mismatch
2026-08-29T02:21:08.840347Z	REJECT	AI GTM Systems Specialist	https://himalayas.app/companies/quorum/jobs/ai-gtm-systems-specialist	source: rss | location mismatch
2026-08-29T02:21:08.840347Z	REJECT	Product Owner  Technical - AI Stockbroking	https://himalayas.app/companies/bjak/jobs/product-owner-technical-ai-stockbroking	source: rss | location mismatch
2026-08-29T02:21:08.840347Z	REJECT	Product Owner  Technical - AI Finance	https://himalayas.app/companies/bjak/jobs/product-owner-technical-ai-finance	source: rss | location mismatch
2026-08-29T02:21:08.840347Z	REJECT	Product Manager - AI Finance	https://himalayas.app/companies/bjak/jobs/product-manager-ai-finance	source: rss | location mismatch
2026-08-29T02:21:08.840347Z	REJECT	Senior Software Engineer (Python)	https://himalayas.app/companies/it-labs/jobs/senior-software-engineer-python	source: rss | location mismatch
2026-08-29T02:21:08.840347Z	REJECT	Marketing Operative	https://himalayas.app/companies/pgs/jobs/marketing-operative	source: rss | location mismatch
2026-08-29T02:21:08.840347Z	REJECT	Accounting Manager [100% Remote]	https://himalayas.app/companies/upcounting/jobs/accounting-manager-100-remote	source: rss | remote match | match tier: reject | final score: 0/50
2026-08-29T02:21:08.840347Z	REJECT	Customer Support Agent	https://himalayas.app/companies/giti2c/jobs/customer-support-agent	source: rss | remote match | match tier: reject | final score: 0/50
2026-08-29T02:21:08.840347Z	REJECT	SR. PHP DEVELOPER (LARAVEL OR SYMFONY)	https://himalayas.app/companies/reiz-tech-uab/jobs/sr-php-developer-laravel-or-symfony-2365293251	source: rss | location mismatch
2026-08-29T02:21:08.840347Z	REJECT	Customer Service Representative - Remote	https://himalayas.app/companies/sharecare/jobs/customer-service-representative-remote-1832276311	source: rss | remote match | match tier: reject | final score: 0/50
2026-08-29T02:21:08.840347Z	REJECT	Managing Editor/Copywriter	https://himalayas.app/companies/empat/jobs/managing-editor-copywriter	source: rss | location mismatch
2026-08-29T02:21:08.840347Z	REJECT	Video Editor	https://himalayas.app/companies/drbalcony/jobs/video-editor	source: rss | location mismatch
2026-08-29T02:21:08.840347Z	REJECT	Senior Software Engineer	https://himalayas.app/companies/garner-health/jobs/senior-software-engineer-3188391327	source: rss | location mismatch
2026-08-29T02:21:08.840347Z	REJECT	Circinus - Audio Contributor German (Germany)	https://himalayas.app/companies/welo-global/jobs/circinus-audio-contributor-german-germany	source: rss | location mismatch
2026-08-29T02:21:08.840347Z	REJECT	Circinus - Audio Contributor Danish (Denmark)	https://himalayas.app/companies/welo-global/jobs/circinus-audio-contributor-danish-denmark	source: rss | location mismatch
2026-08-29T02:21:08.840347Z	REJECT	Director  Development	https://himalayas.app/companies/international-fresh-produce-association/jobs/director-development-9578847416	source: rss | location mismatch
2026-08-29T02:21:08.840347Z	REJECT	Regional Sales Manager (Pharma Testing)- TIC Industry	https://himalayas.app/companies/qima/jobs/regional-sales-manager-pharma-testing-tic-industry	source: rss | location mismatch
2026-08-29T02:21:08.840347Z	REJECT	Senior DevOps Developer	https://himalayas.app/companies/pradeepit-consulting-services-pvt-ltd/jobs/senior-devops-developer	source: rss | location mismatch
2026-08-29T02:21:08.840347Z	REJECT	Website Specialist	https://himalayas.app/companies/my-amazon-guy/jobs/website-specialist	source: rss | location mismatch
2026-08-29T02:21:08.840347Z	REJECT	CRO Specialist	https://himalayas.app/companies/my-amazon-guy/jobs/cro-specialist	source: rss | location mismatch
2026-08-29T02:21:08.840347Z	REJECT	Marketing Systems & Growth Architect	https://himalayas.app/companies/my-amazon-guy/jobs/marketing-systems-growth-architect	source: rss | location mismatch
2026-08-29T02:21:08.840347Z	REJECT	Social Media Manager	https://himalayas.app/companies/my-amazon-guy/jobs/social-media-manager	source: rss | location mismatch
2026-08-29T02:21:08.840347Z	REJECT	Project Manager	https://himalayas.app/companies/my-amazon-guy/jobs/project-manager	source: rss | location mismatch
2026-08-29T02:21:08.840347Z	REJECT	DTC Cold Call Sales Specialist	https://himalayas.app/companies/my-amazon-guy/jobs/dtc-cold-call-sales-specialist	source: rss | location mismatch
2026-08-29T02:21:08.840347Z	REJECT	Test Lead - Déploiement et tests sites hybrides LIP	https://himalayas.app/companies/devoteam/jobs/test-lead-deploiement-et-tests-sites-hybrides-lip	source: rss | location mismatch
2026-08-29T02:21:08.840347Z	REJECT	Nearshore Sector | ServiceNow Developer	https://himalayas.app/companies/devoteam/jobs/nearshore-sector-servicenow-developer	source: rss | location mismatch
2026-08-29T02:21:08.840347Z	REJECT	Sr. Marketing Manager	https://himalayas.app/companies/my-amazon-guy/jobs/sr-marketing-manager	source: rss | location mismatch
2026-08-29T02:21:08.840347Z	REJECT	Sr. Revenue Systems and Operations Specialist	https://himalayas.app/companies/saviynt/jobs/sr-revenue-systems-and-operations-specialist	source: rss | location mismatch
2026-08-29T02:21:08.840347Z	REJECT	Customer Support Representative - Egypt	https://himalayas.app/companies/community-phone/jobs/customer-support-representative-egypt	source: rss | location mismatch
2026-08-29T02:21:08.840347Z	REJECT	Director  Business Development - US - Remote	https://himalayas.app/companies/worldwide-clinical-trials/jobs/director-business-development-us-remote	source: rss | remote match | senior role with relevant keywords: director (+10) | keyword hits (1): cro (+6) | match tier: reject | final score: 16/50
2026-08-29T02:21:08.840347Z	REJECT	Enovia/Technia PLM - Functional Consultant | Brillio | Onsite / Remote	https://himalayas.app/companies/pradeepit-consulting-services-pvt-ltd/jobs/enovia-technia-plm-functional-consultant-brillio-onsite-remote	source: rss | remote match | match tier: reject | final score: 0/50
2026-08-29T02:21:08.840347Z	REJECT	Principal Software Engineer	https://himalayas.app/companies/thorne/jobs/principal-software-engineer	source: rss | location mismatch
2026-08-29T02:21:08.840347Z	REJECT	Korean Bilingual Audio Specialist	https://himalayas.app/companies/welo-global/jobs/korean-bilingual-audio-specialist	source: rss | location mismatch
2026-08-29T02:21:08.840347Z	REJECT	Startup Founder - Business strategy	https://himalayas.app/companies/startup-wise-guys/jobs/startup-founder-business-strategy	source: rss | location mismatch
2026-08-29T02:21:08.840347Z	REJECT	Strategic Account Executive	https://himalayas.app/companies/acuitymd/jobs/strategic-account-executive	source: rss | location mismatch
2026-08-29T02:21:08.840347Z	REJECT	Staff Machine Learning Engineer  Vector Bidding Science	https://himalayas.app/companies/unity/jobs/staff-machine-learning-engineer-vector-bidding-science-9566774358	source: rss | location mismatch
2026-08-29T02:21:08.840347Z	REJECT	WordPress Developer	https://himalayas.app/companies/jobsforlebanon/jobs/wordpress-developer	source: rss | location mismatch
2026-08-29T02:21:08.840347Z	REJECT	Machine Learning Engineer  Ads Optimization & Ads Marketplace Quality	https://himalayas.app/companies/reddit/jobs/machine-learning-engineer-ads-optimization-ads-marketplace-quality	source: rss | location mismatch
2026-08-29T02:21:08.840347Z	REJECT	(Senior) Data Engineer (gn)	https://himalayas.app/companies/the-quality-group-gmbh/jobs/senior-data-engineer-gn	source: rss | remote match | match tier: reject | final score: 0/50
2026-08-29T02:21:08.840347Z	REJECT	Sr. Account Executive (Northeast)	https://himalayas.app/companies/guidepoint-security-llc/jobs/sr-account-executive-northeast	source: rss | location mismatch
2026-08-29T02:21:08.840347Z	REJECT	Java Backend Developer with Kotlin	https://himalayas.app/companies/wire-it/jobs/java-backend-developer-with-kotlin	source: rss | location mismatch
2026-08-29T02:21:08.840347Z	REJECT	Platform Engineer  FedRAMP	https://himalayas.app/companies/veeam-software/jobs/platform-engineer-fedramp	source: rss | location mismatch
2026-08-29T02:21:08.840347Z	REJECT	Metabolic Health Physician (MD/DO)	https://himalayas.app/companies/nourish/jobs/metabolic-health-physician-md-do	source: rss | location mismatch
2026-08-29T02:21:08.840347Z	REJECT	Staff Software Engineer  Identity & Access Management	https://himalayas.app/companies/reddit/jobs/staff-software-engineer-identity-access-management	source: rss | location mismatch
2026-08-29T02:21:08.840347Z	REJECT	Account Executive  DoiT Cloud Intelligence - France	https://himalayas.app/companies/doit-international/jobs/account-executive-doit-cloud-intelligence-france	source: rss | location mismatch
2026-08-29T02:21:08.840347Z	REJECT	Senior Platform Engineer - Infrastructure (USA)	https://himalayas.app/companies/kalepa/jobs/senior-platform-engineer-infrastructure-usa	source: rss | location mismatch
2026-08-29T02:21:08.840347Z	REJECT	Physician Recruiter - Remote (PST Hours)	https://himalayas.app/companies/danestreet/jobs/physician-recruiter-remote-pst-hours	source: rss | remote match | match tier: reject | final score: 0/50
2026-08-29T02:21:08.840347Z	REJECT	Board Certified Physician Reviewers - Endocrinology - Indiana License	https://himalayas.app/companies/danestreet/jobs/board-certified-physician-reviewers-endocrinology-indiana-license	source: rss | location mismatch
2026-08-29T02:21:08.840347Z	REJECT	Sr DevOps Engineer	https://himalayas.app/companies/distantjob/jobs/sr-devops-engineer	source: rss | location mismatch
2026-08-29T02:21:08.840347Z	REJECT	Full Stack Engineer	https://himalayas.app/companies/distantjob/jobs/full-stack-engineer	source: rss | location mismatch
2026-08-29T02:21:08.840347Z	REJECT	Staff Software Engineer  Frontend Platform	https://himalayas.app/companies/modern-health/jobs/staff-software-engineer-frontend-platform	source: rss | location mismatch
2026-08-29T02:21:08.840347Z	REJECT	Back End Web Developer & Solutions Support Specialist (Remote Contractor)	https://himalayas.app/companies/logical-media-group/jobs/back-end-web-developer-solutions-support-specialist-remote-contractor	source: rss | remote match | match tier: reject | final score: 0/50
2026-08-29T02:21:08.840347Z	REJECT	Senior Frontend Developer (Angular) - Remote (EU)	https://himalayas.app/companies/viabill/jobs/senior-frontend-developer-angular-remote-eu	source: rss | remote match | match tier: reject | final score: 0/50
2026-08-29T02:21:08.840347Z	REJECT	Senior Cloud Data Engineer (GCP)	https://himalayas.app/companies/future-processing/jobs/senior-cloud-data-engineer-gcp	source: rss | location mismatch
2026-08-29T02:21:08.840347Z	REJECT	Senior Software Engineer  Backend (Merchant Advocacy)	https://himalayas.app/companies/affirm/jobs/senior-software-engineer-backend-merchant-advocacy-9559772257	source: rss | location mismatch
2026-08-29T02:21:08.840347Z	REJECT	Vice President  Revenue Operations	https://himalayas.app/companies/experian/jobs/vice-president-revenue-operations	source: rss | location mismatch
2026-08-29T02:21:08.840347Z	REJECT	Junior Cyber Security Analyst (R-00168)	https://himalayas.app/companies/true-zero-technologies/jobs/junior-cyber-security-analyst-r-00168	source: rss | location mismatch
2026-08-29T02:21:08.840347Z	REJECT	Senior Quality Assurance Analyst (With Automation)	https://himalayas.app/companies/goods-services/jobs/senior-quality-assurance-analyst-with-automation	source: rss | location mismatch
2026-08-29T02:21:08.840347Z	REJECT	Clinical Trial Associate (Associate  Rater Services)	https://himalayas.app/companies/cogstate/jobs/clinical-trial-associate-associate-rater-services	source: rss | location mismatch
2026-08-29T02:21:08.840347Z	REJECT	Account Executive II	https://himalayas.app/companies/beyondtrust/jobs/account-executive-ii-7800138469	source: rss | location mismatch
2026-08-29T02:21:08.840347Z	REJECT	Frontend Engineer – SME Studio	https://himalayas.app/companies/softgic/jobs/frontend-engineer-sme-studio	source: rss | remote match | match tier: reject | final score: 0/50
2026-08-29T02:21:08.840347Z	REJECT	Sr Data Engineer	https://himalayas.app/companies/integrichain/jobs/sr-data-engineer	source: rss | location mismatch
2026-08-29T02:21:08.840347Z	REJECT	Senior Data Scientist  Product	https://himalayas.app/companies/ajua/jobs/senior-data-scientist-product	source: rss | location mismatch
2026-08-29T02:21:08.840347Z	REJECT	Senior Analyst IT Governance  Risk & Compliance	https://himalayas.app/companies/mekdam-technical-services/jobs/senior-analyst-it-governance-risk-compliance	source: rss | location mismatch
2026-08-29T02:21:08.840347Z	REJECT	Sr Software Engineer  Data Science	https://himalayas.app/companies/extrahop-networks/jobs/sr-software-engineer-data-science	source: rss | location mismatch
2026-08-29T02:21:08.840347Z	REJECT	Outbound Account Executive  Europe	https://himalayas.app/companies/amplemarket/jobs/outbound-account-executive-europe-3747324338	source: rss | location mismatch
2026-08-29T02:21:08.840347Z	REJECT	Head of Sales  EMEA - Defendec	https://himalayas.app/companies/vosker/jobs/head-of-sales-emea-defendec	source: rss | location mismatch
2026-08-29T02:21:08.840347Z	REJECT	Clinical Research Associate I/ Clinical Research Associate II	https://himalayas.app/companies/precision-medicine-group/jobs/clinical-research-associate-i-clinical-research-associate-ii	source: rss | location mismatch
2026-08-29T02:21:08.840347Z	REJECT	Data Analyst (Life Sciences Specialist) (Direct hire $125-210k) telecommute	https://himalayas.app/companies/walter-bacon-llc/jobs/data-analyst-life-sciences-specialist-direct-hire-125-210k-telecommute	source: rss | remote match | match tier: reject | final score: 0/50
2026-08-29T02:21:08.840347Z	REJECT	Circinus - Audio Contributor French (France)	https://himalayas.app/companies/welo-global/jobs/circinus-audio-contributor-french-france	source: rss | location mismatch
2026-08-29T02:21:08.840347Z	REJECT	Circinus - Audio Contributor Japanese (Japan)	https://himalayas.app/companies/welo-global/jobs/circinus-audio-contributor-japanese-japan	source: rss | location mismatch
2026-08-29T02:21:08.840347Z	REJECT	Circinus - Audio Contributor Dutch (Netherlands)	https://himalayas.app/companies/welo-global/jobs/circinus-audio-contributor-dutch-netherlands	source: rss | location mismatch
2026-08-29T02:21:08.840347Z	REJECT	Entry Level Sales Representative - Work From Home	https://himalayas.app/companies/aoglobelife/jobs/entry-level-sales-representative-work-from-home	source: rss | location mismatch
2026-08-29T02:21:08.840347Z	REJECT	Circinus - Audio Contributor French (Canada)	https://himalayas.app/companies/welo-global/jobs/circinus-audio-contributor-french-canada	source: rss | location mismatch
2026-08-29T02:21:08.840347Z	REJECT	Circinus - Audio Contributor English Southern American (US)	https://himalayas.app/companies/welo-global/jobs/circinus-audio-contributor-english-southern-american-us	source: rss | location mismatch
2026-08-29T02:21:08.840347Z	REJECT	Business Development Representative	https://himalayas.app/companies/nomagic/jobs/business-development-representative	source: rss | location mismatch
2026-08-29T02:21:08.840347Z	REJECT	Work From Home - CSR - Great Benefits	https://himalayas.app/companies/aoglobelife/jobs/work-from-home-csr-great-benefits	source: rss | location mismatch
2026-08-29T02:21:08.840347Z	REJECT	Senior Manager  Benefits and People Operations	https://himalayas.app/companies/teaching-strategies-llc/jobs/senior-manager-benefits-and-people-operations	source: rss | location mismatch
2026-08-29T02:21:08.840347Z	REJECT	Social Media Content Creator (100% Remote)	https://himalayas.app/companies/jobsforlebanon/jobs/social-media-content-creator-100-remote	source: rss | remote match | match tier: reject | final score: 0/50
2026-08-29T02:21:08.840347Z	REJECT	Executive Assistant (100% Remote)	https://himalayas.app/companies/jobsforlebanon/jobs/executive-assistant-100-remote	source: rss | remote match | match tier: reject | final score: 0/50
2026-08-29T02:21:08.840347Z	REJECT	GCP Cloud Account Executive	https://himalayas.app/companies/commit/jobs/gcp-cloud-account-executive	source: rss | location mismatch
2026-08-29T02:21:08.840347Z	REJECT	Circinus - Audio Contributor Spanish (Argentina)	https://himalayas.app/companies/welo-global/jobs/circinus-audio-contributor-spanish-argentina	source: rss | location mismatch
2026-08-29T02:21:08.840347Z	REJECT	Circinus - Audio Contributor Russian (Poland)	https://himalayas.app/companies/welo-global/jobs/circinus-audio-contributor-russian-poland	source: rss | location mismatch
2026-08-29T02:21:08.840347Z	REJECT	Regional Sales Manager DACH	https://himalayas.app/companies/infinidat/jobs/regional-sales-manager-dach	source: rss | location mismatch
2026-08-29T02:21:08.840347Z	REJECT	Circinus - Audio Contributor Spanish (Spain)	https://himalayas.app/companies/welo-global/jobs/circinus-audio-contributor-spanish-spain	source: rss | location mismatch
2026-08-29T02:21:08.840347Z	REJECT	Circinus - Audio Contributor Portuguese (Brazil)	https://himalayas.app/companies/welo-global/jobs/circinus-audio-contributor-portuguese-brazil	source: rss | location mismatch
2026-08-29T02:21:08.840347Z	REJECT	Circinus - Audio Contributor Norwegian (Norway)	https://himalayas.app/companies/welo-global/jobs/circinus-audio-contributor-norwegian-norway	source: rss | location mismatch
2026-08-29T02:21:08.840347Z	REJECT	Circinus - Audio Contributor Swedish (Sweden)	https://himalayas.app/companies/welo-global/jobs/circinus-audio-contributor-swedish-sweden	source: rss | location mismatch
2026-08-29T02:21:08.840347Z	ERROR	https://www.realworkfromanywhere.com/rss.xml	https://www.realworkfromanywhere.com/rss.xml	source: rss | feed parse failure: not well-formed (invalid token): line 32, column 82
2026-08-29T02:21:08.840347Z	ERROR	https://rss.app/feeds/0bUVsJgEz3RTTsKm.xml	https://rss.app/feeds/0bUVsJgEz3RTTsKm.xml	source: rss | feed parse failure: syntax error: line 1, column 0
2026-08-29T02:21:08.840347Z	ACCEPT	Sr. Scientist  Toxicology	https://jobs.biospace.com/job/3068801/sr-scientist-toxicology/	source: biospace:toxicology | local/hybrid location match | domain title match: toxicology (+20) | seniority + domain title: scientist (+20) | keyword hits (16): nonclinical safety, nonclinical development, toxicology, safety assessment, drug development, ind (+36) | match tier: strong | final score: 76/50
2026-08-29T02:21:08.840347Z	REJECT	Senior Scientist  Toxicology II	https://jobs.biospace.com/job/3070664/senior-scientist-toxicology-ii/	source: biospace:toxicology | location mismatch
2026-08-29T02:21:08.840347Z	REJECT	Principal Research Scientist II  Toxicology	https://jobs.biospace.com/job/3068958/principal-research-scientist-ii-toxicology/	source: biospace:toxicology | location mismatch
2026-08-29T02:21:08.840347Z	REJECT	Advisor / Senior Advisor  Cardiovascular NAMs – Investigative Toxicology	https://jobs.biospace.com/job/3070542/advisor-senior-advisor-cardiovascular-nams-investigative-toxicology/	source: biospace:toxicology | location mismatch
2026-08-29T02:21:08.840347Z	REJECT	Advisor / Senior Advisor  CNS/PNS NAMs – Investigative Toxicology	https://jobs.biospace.com/job/3070520/advisor-senior-advisor-cns-pns-nams-investigative-toxicology/	source: biospace:toxicology | location mismatch
2026-08-29T02:21:08.840347Z	ACCEPT	Distinguished Scientist  Safety Assessment Project Expert	https://jobs.biospace.com/job/3069302/distinguished-scientist-safety-assessment-project-expert/	source: biospace:toxicology | local/hybrid location match | domain title match: safety assessment (+20) | seniority + domain title: scientist (+20) | keyword hits (12): nonclinical safety, toxicology, safety assessment, preclinical safety, drug development, ind (+36) | match tier: strong | final score: 76/50
2026-08-29T02:21:08.840347Z	REJECT	VP  Head of Preclinical Development	https://jobs.biospace.com/job/3069744/vp-head-of-preclinical-development/	source: biospace:toxicology | local/hybrid location match | senior role with relevant keywords: head, vp (+10) | keyword hits (10): toxicology, drug development, ind, ind enabling, clinical development, development strategy (+36) | match tier: reject | final score: 46/50
2026-08-29T02:21:08.840347Z	REJECT	Senior Manager  Study Management & Outsourcing (Canada)	https://jobs.biospace.com/job/3067280/senior-manager-study-management-and-outsourcing-canada-/	source: biospace:toxicology | location mismatch
2026-08-29T02:21:08.840347Z	REJECT	Scientific Director	https://jobs.biospace.com/job/3065742/scientific-director/	source: biospace:toxicology | location mismatch
2026-08-29T02:21:08.840347Z	ACCEPT	Senior Toxicologist	https://jobs.biospace.com/job/3068491/senior-toxicologist/	source: biospace:toxicology | local/hybrid location match | domain title match: toxicologist (+20) | keyword hits (11): nonclinical safety, nonclinical development, toxicology, safety assessment, regulatory toxicology, ind (+36) | target company match: regeneron (+10) | match tier: borderline | final score: 66/50
2026-08-29T02:21:08.840347Z	REJECT	Scientific Associate Director - Project Toxicologist	https://jobs.biospace.com/job/3069917/scientific-associate-director-project-toxicologist/	source: biospace:toxicology | location mismatch
2026-08-29T02:21:08.840347Z	REJECT	Director  Nonclinical Due Diligence & External Innovation	https://jobs.biospace.com/job/3070612/director-nonclinical-due-diligence-and-external-innovation/	source: biospace:toxicology | location mismatch
2026-08-29T02:21:08.840347Z	REJECT	Discovery ADME Project Leader	https://jobs.biospace.com/job/3068705/discovery-adme-project-leader/	source: biospace:toxicology | location mismatch
2026-08-29T02:21:08.840347Z	REJECT	Sr. Principal Scientist - Project Toxicologist	https://jobs.biospace.com/job/3068569/sr-principal-scientist-project-toxicologist/	source: biospace:toxicology | location mismatch
2026-08-29T02:21:08.840347Z	REJECT	GPS Case Management Medical Review Therapeutic Area Leader	https://jobs.biospace.com/job/3068156/gps-case-management-medical-review-therapeutic-area-leader/	source: biospace:toxicology | location mismatch
2026-08-29T02:21:08.840347Z	REJECT	Labormitarbeiter in der Toxikologie (all genders) (Vollzeit  unbefristet)	https://jobs.biospace.com/job/3067562/labormitarbeiter-in-der-toxikologie-all-genders-vollzeit-unbefristet-/	source: biospace:toxicology | location mismatch
2026-08-29T02:21:08.840347Z	REJECT	Senior Principal Scientist	https://jobs.biospace.com/job/3065743/senior-principal-scientist/	source: biospace:toxicology | location mismatch
2026-08-29T02:21:08.840347Z	REJECT	Pathology Sr. Director	https://jobs.biospace.com/job/3068742/pathology-sr-director/	source: biospace:toxicology | location mismatch
2026-08-29T02:21:08.840347Z	REJECT	Discovery ADME Project Leader (Radioligand Therapeutics)	https://jobs.biospace.com/job/3070888/discovery-adme-project-leader-radioligand-therapeutics-/	source: biospace:toxicology | location mismatch
2026-08-29T02:21:08.840347Z	REJECT	Associate Scientist  I	https://jobs.biospace.com/job/3069600/associate-scientist-i/	source: biospace:toxicology | location mismatch
2026-08-29T02:21:08.840347Z	REJECT	Senior Medical Director - Patient Safety	https://jobs.biospace.com/job/3070440/senior-medical-director-patient-safety/	source: biospace:toxicology | location mismatch
2026-08-29T02:21:08.840347Z	REJECT	Senior Medical Director- Early Development Oncology	https://jobs.biospace.com/job/3069974/senior-medical-director-early-development-oncology/	source: biospace:toxicology | local/hybrid location match | senior role with relevant keywords: director (+10) | keyword hits (3): toxicology, clinical development, oncology (+18) | target company match: abbvie (+10) | match tier: reject | final score: 38/50
2026-08-29T02:21:08.840347Z	ACCEPT	Associate Director  Clinical Pathologist	https://jobs.biospace.com/job/3069418/associate-director-clinical-pathologist/	source: biospace:toxicology | local/hybrid location match | senior role with relevant keywords: director, associate director (+10) | keyword hits (6): nonclinical safety, toxicology, drug development, discovery, glp, cro (+36) | target company match: regeneron (+10) | match tier: borderline | final score: 56/50
2026-08-29T02:21:08.840347Z	REJECT	Senior Manager  Product - Primary & Advanced Models	https://jobs.biospace.com/job/3066121/senior-manager-product-primary-and-advanced-models/	source: biospace:toxicology | location mismatch
2026-08-29T02:21:08.840347Z	REJECT	Regulatory Affairs Associate II	https://jobs.biospace.com/job/3065061/regulatory-affairs-associate-ii/	source: biospace:toxicology | location mismatch
2026-08-29T02:21:08.840347Z	REJECT	Future Opportunities - Join our Talent Pipeline for Sr Scientist Process Chemistry	https://jobs.biospace.com/job/3070824/future-opportunities-join-our-talent-pipeline-for-sr-scientist-process-chemistry/	source: biospace:toxicology | location mismatch
2026-08-29T02:21:08.840347Z	REJECT	Scientist 1  Oncology | Drug Discovery	https://jobs.biospace.com/job/3070133/scientist-1-oncology-drug-discovery/	source: biospace:toxicology | local/hybrid location match | senior role with relevant keywords: scientist (+10) | keyword hits (4): toxicology, discovery, oncology, biologic (+24) | target company match: abbvie (+10) | match tier: reject | final score: 44/50
2026-08-29T02:21:08.840347Z	REJECT	Medical Director  Neuroscience  Global Patient Safety	https://jobs.biospace.com/job/3069353/medical-director-neuroscience-global-patient-safety/	source: biospace:toxicology | location mismatch
2026-08-29T02:21:08.840347Z	REJECT	Research Associate II ~ Bioanalytical/In Vitro ADME/DMPK	https://jobs.biospace.com/job/3067241/research-associate-ii-bioanalytical-in-vitro-adme-dmpk/	source: biospace:toxicology | location mismatch
2026-08-29T02:21:08.840347Z	REJECT	Manager/ Sr Manager  Medical & Scientific Writing	https://jobs.biospace.com/job/3065176/manager-sr-manager-medical-and-scientific-writing/	source: biospace:toxicology | location mismatch
2026-08-29T02:21:08.840347Z	REJECT	Director  CMC Process Chemistry	https://jobs.biospace.com/job/3070700/director-cmc-process-chemistry/	source: biospace:toxicology | local/hybrid location match | senior role with relevant keywords: director (+10) | keyword hits (11): toxicology, drug development, ind, ind enabling, discovery, fda (+36) | match tier: reject | final score: 46/50
2026-08-29T02:21:08.840347Z	REJECT	Senior Director  Quality Assurance - Gene Therapy	https://jobs.biospace.com/job/3070395/senior-director-quality-assurance-gene-therapy/	source: biospace:toxicology | local/hybrid location match | excluded by keyword(s): quality assurance
2026-08-29T02:21:08.840347Z	REJECT	Safety Pharmacology Senior Scientist	https://jobs.biospace.com/job/3069265/safety-pharmacology-senior-scientist/	source: biospace:toxicology | location mismatch
2026-08-29T02:21:08.840347Z	REJECT	Principal Engineer  CMC Development Pilot Operations	https://jobs.biospace.com/job/3068125/principal-engineer-cmc-development-pilot-operations/	source: biospace:toxicology | location mismatch
2026-08-29T02:21:08.840347Z	REJECT	Senior Director  Oncology Pharmacology	https://jobs.biospace.com/job/3065983/senior-director-oncology-pharmacology/	source: biospace:toxicology | location mismatch
2026-08-29T02:21:08.840347Z	REJECT	Scientific Associate Director - Safety Pharmacology	https://jobs.biospace.com/job/3065285/scientific-associate-director-safety-pharmacology/	source: biospace:toxicology | location mismatch
2026-08-29T02:21:08.840347Z	REJECT	Principal Scientist - Clinical Pharmacology Modeling and Simulation	https://jobs.biospace.com/job/3070072/principal-scientist-clinical-pharmacology-modeling-and-simulation/	source: biospace:toxicology | location mismatch
2026-08-29T02:21:08.840347Z	REJECT	Sr Scientist I  Process Chemistry	https://jobs.biospace.com/job/3070666/sr-scientist-i-process-chemistry/	source: biospace:toxicology | location mismatch
2026-08-29T02:21:08.840347Z	REJECT	Principal Research Scientist I	https://jobs.biospace.com/job/3069584/principal-research-scientist-i/	source: biospace:toxicology | location mismatch
2026-08-29T02:21:08.840347Z	REJECT	Project Engineer - API Pilot Plant	https://jobs.biospace.com/job/3070660/project-engineer-api-pilot-plant/	source: biospace:toxicology | location mismatch
2026-08-29T02:21:08.840347Z	REJECT	Scientist l  Pathology	https://jobs.biospace.com/job/3070830/scientist-l-pathology/	source: biospace:toxicologist | location mismatch
2026-08-29T02:21:08.840347Z	REJECT	Post-doctoral Computational Chemist  Advanced Molecular Design	https://jobs.biospace.com/job/3067476/post-doctoral-computational-chemist-advanced-molecular-design/	source: biospace:toxicologist | local/hybrid location match | keyword hits (2): toxicology, discovery (+12) | target company match: eli lilly (+10) | match tier: reject | final score: 22/50
2026-08-29T02:21:08.840347Z	REJECT	Senior Clinical Lead  Early Clinical & Experimental Therapeutics	https://jobs.biospace.com/job/3070780/senior-clinical-lead-early-clinical-and-experimental-therapeutics/	source: biospace:toxicologist | local/hybrid location match | senior role with relevant keywords: lead (+10) | keyword hits (8): toxicology, preclinical safety, clinical development, development strategy, cro, oncology (+36) | match tier: reject | final score: 46/50
2026-08-29T02:21:08.840347Z	REJECT	SR. RESEARCH ASSOCIATE/ASSOCIATE SCIENTIST  NONCLINICAL DEVELOPMENT	https://jobs.biospace.com/job/3068817/sr-research-associate-associate-scientist-nonclinical-development/	source: biospace:nonclinical safety | location mismatch
2026-08-29T02:21:08.840347Z	REJECT	Director  Drug Safety & Pharmacovigilance Scientist	https://jobs.biospace.com/job/3069732/director-drug-safety-and-pharmacovigilance-scientist/	source: biospace:nonclinical safety | location mismatch
2026-08-29T02:21:08.840347Z	REJECT	Senior Scientist - Translational Safety & Risk Sciences (TSRS)	https://jobs.biospace.com/job/3067493/senior-scientist-translational-safety-and-risk-sciences-tsrs-/	source: biospace:nonclinical safety | location mismatch
2026-08-29T02:21:08.840347Z	REJECT	GLP and GCLP Compliance Expert - Vaccine	https://jobs.biospace.com/job/3068933/glp-and-gclp-compliance-expert-vaccine/	source: biospace:nonclinical safety | location mismatch
2026-08-29T02:21:08.840347Z	REJECT	Sr. Director/Executive Director  R&D/Clinical QA	https://jobs.biospace.com/job/3068419/sr-director-executive-director-r-and-d-clinical-qa/	source: biospace:nonclinical safety | local/hybrid location match | senior role with relevant keywords: director (+10) | keyword hits (5): nonclinical development, clinical development, fda, glp, cro (+30) | match tier: reject | final score: 40/50
2026-08-29T02:21:08.840347Z	REJECT	Director  DEC Digital R&D Domain Lead	https://jobs.biospace.com/job/3064916/director-dec-digital-r-and-d-domain-lead/	source: biospace:nonclinical safety | location mismatch
2026-08-29T02:21:08.840347Z	REJECT	Sr. Specialist  Bioanalytics	https://jobs.biospace.com/job/3065473/sr-specialist-bioanalytics/	source: biospace:nonclinical safety | local/hybrid location match | keyword hits (3): ind, clinical development, discovery (+18) | target company match: moderna (+10) | match tier: reject | final score: 28/50
2026-08-29T02:21:08.840347Z	REJECT	Senior/Executive Medical Director  Clinical Development	https://jobs.biospace.com/job/3068613/senior-executive-medical-director-clinical-development/	source: biospace:nonclinical safety | location mismatch
2026-08-29T02:21:08.840347Z	REJECT	Senior Medical Director  Clinical Development	https://jobs.biospace.com/job/3068612/senior-medical-director-clinical-development/	source: biospace:nonclinical safety | location mismatch
2026-08-29T02:21:08.840347Z	REJECT	Global Regulatory Director Lead Obesity & Related Conditions (Type II Diabetes)	https://jobs.biospace.com/job/3065937/global-regulatory-director-lead-obesity-and-related-conditions-type-ii-diabetes-/	source: biospace:nonclinical safety | location mismatch
2026-08-29T02:21:08.840347Z	REJECT	Director  Global Regulatory Lead Obesity & Related Conditions (Chronic Weight)	https://jobs.biospace.com/job/3065936/director-global-regulatory-lead-obesity-and-related-conditions-chronic-weight-/	source: biospace:nonclinical safety | location mismatch
2026-08-29T02:21:08.840347Z	REJECT	Program Manager  Preclinical & Early Development	https://jobs.biospace.com/job/3068465/program-manager-preclinical-and-early-development/	source: biospace:nonclinical safety | location mismatch
2026-08-29T02:21:08.840347Z	REJECT	NAMs Science and Technology Integration Partner	https://jobs.biospace.com/job/3067514/nams-science-and-technology-integration-partner/	source: biospace:nonclinical safety | location mismatch
2026-08-29T02:21:08.840347Z	REJECT	Executive Director  Early Clinical Development  NHL Program Lead	https://jobs.biospace.com/job/3069293/executive-director-early-clinical-development-nhl-program-lead/	source: biospace:nonclinical safety | local/hybrid location match | senior role with relevant keywords: director, lead (+10) | keyword hits (6): drug development, ind, clinical development, development strategy, risk assessment, oncology (+36) | match tier: reject | final score: 46/50
2026-08-29T02:21:08.840347Z	ACCEPT	Head of Regeneron Cell Medicines	https://jobs.biospace.com/job/3065020/head-of-regeneron-cell-medicines/	source: biospace:nonclinical safety | local/hybrid location match | senior role with relevant keywords: head (+10) | keyword hits (9): toxicology, preclinical safety, ind, ind enabling, clinical development, discovery (+36) | target company match: regeneron (+10) | match tier: borderline | final score: 56/50
2026-08-29T02:21:08.840347Z	REJECT	Senior Medical Writer	https://jobs.biospace.com/job/3064972/senior-medical-writer/	source: biospace:nonclinical safety | location mismatch
2026-08-29T02:21:08.840347Z	REJECT	Associate Director  Regulatory Affairs Medical Writing	https://jobs.biospace.com/job/3064939/associate-director-regulatory-affairs-medical-writing/	source: biospace:nonclinical safety | location mismatch
2026-08-29T02:21:08.840347Z	REJECT	AD/ Director  Clinical Regulatory Affairs Gene Therapy	https://jobs.biospace.com/job/3070399/ad-director-clinical-regulatory-affairs-gene-therapy/	source: biospace:nonclinical safety | location mismatch
2026-08-29T02:21:08.840347Z	REJECT	Senior Scientist  siRNA Design and Off-Target Analysis	https://jobs.biospace.com/job/3068820/senior-scientist-sirna-design-and-off-target-analysis/	source: biospace:nonclinical safety | location mismatch
2026-08-29T02:21:08.840347Z	REJECT	Associate Director Preclinical & Translational Pharmacokinetics/Pharmacodynamics	https://jobs.biospace.com/job/3066059/associate-director-preclinical-and-translational-pharmacokinetics-pharmacodynamics/	source: biospace:nonclinical safety | local/hybrid location match | senior role with relevant keywords: director, associate director (+10) | keyword hits (3): toxicology, ind, discovery (+18) | target company match: regeneron (+10) | match tier: reject | final score: 38/50
2026-08-29T02:21:08.840347Z	REJECT	Laboratory Animal Veterinarian	https://jobs.biospace.com/job/3064634/laboratory-animal-veterinarian/	source: biospace:nonclinical safety | location mismatch
2026-08-29T02:21:08.840347Z	REJECT	Director of Clinical QA	https://jobs.biospace.com/job/3065336/director-of-clinical-qa/	source: biospace:nonclinical safety | location mismatch
2026-08-29T02:21:08.840347Z	REJECT	Associate Director  Regulatory Affairs - CMC	https://jobs.biospace.com/job/3070711/associate-director-regulatory-affairs-cmc/	source: biospace:nonclinical safety | local/hybrid location match | senior role with relevant keywords: director, associate director (+10) | keyword hits (5): drug development, ind, clinical development, fda, biologics (+30) | match tier: reject | final score: 40/50
2026-08-29T02:21:08.840347Z	REJECT	Director  Translational Bioanalytical Sciences	https://jobs.biospace.com/job/3068784/director-translational-bioanalytical-sciences/	source: biospace:nonclinical safety | local/hybrid location match | senior role with relevant keywords: director (+10) | keyword hits (10): nonclinical safety, drug development, clinical development, discovery, development strategy, fda (+36) | match tier: reject | final score: 46/50
2026-08-29T02:21:08.840347Z	REJECT	Director Clinical Pharmacology & DMPK	https://jobs.biospace.com/job/3067611/director-clinical-pharmacology-and-dmpk/	source: biospace:nonclinical safety | local/hybrid location match | senior role with relevant keywords: director (+10) | keyword hits (4): clinical development, glp, dmpk, small molecule (+24) | match tier: reject | final score: 34/50
2026-08-29T02:21:08.840347Z	REJECT	Sr. Director-Purification and Viral Safety	https://jobs.biospace.com/job/3068879/sr-director-purification-and-viral-safety/	source: biospace:preclinical safety | location mismatch
2026-08-29T02:21:08.840347Z	REJECT	Process Development Engineer III  Purification Development (PMPD)	https://jobs.biospace.com/job/3068986/process-development-engineer-iii-purification-development-pmpd-/	source: biospace:preclinical safety | local/hybrid location match | target company match: regeneron (+10) | match tier: reject | final score: 10/50
2026-08-29T02:21:08.840347Z	REJECT	Process Development Engineer III  Analytical Science: Synthetic and Bioconjugation Scale-Up	https://jobs.biospace.com/job/3068097/process-development-engineer-iii-analytical-science-synthetic-and-bioconjugation-scale-up/	source: biospace:preclinical safety | local/hybrid location match | keyword hits (3): drug development, small molecule, antibody (+18) | target company match: regeneron (+10) | match tier: reject | final score: 28/50
2026-08-29T02:21:08.840347Z	REJECT	Medical Director  Clinical Development	https://jobs.biospace.com/job/3065170/medical-director-clinical-development/	source: biospace:preclinical safety | location mismatch
2026-08-29T02:21:08.840347Z	REJECT	Lab Manager / Cell Maintenance Research Associate	https://jobs.biospace.com/job/3070976/lab-manager-cell-maintenance-research-associate/?LinkSource=PremiumListing	source: biospace:preclinical safety | local/hybrid location match | keyword hits (1): discovery (+6) | match tier: reject | final score: 6/50
2026-08-29T02:21:08.840347Z	REJECT	Research Associate II- Nanotechnology Characterization Laboratory	https://jobs.biospace.com/job/3064792/research-associate-ii-nanotechnology-characterization-laboratory/	source: biospace:preclinical safety | location mismatch
2026-08-29T02:21:08.840347Z	REJECT	Vice President  Neuroscience	https://jobs.biospace.com/job/3070024/vice-president-neuroscience/	source: biospace:preclinical safety | location mismatch
2026-08-29T02:21:08.840347Z	REJECT	Postdoctoral Scientist — Mass Spectrometry Proteomics	https://jobs.biospace.com/job/3069885/postdoctoral-scientist-mass-spectrometry-proteomics/	source: biospace:preclinical safety | location mismatch
2026-08-29T02:21:08.840347Z	REJECT	Associate Scientist - Therapeutic Proteins	https://jobs.biospace.com/job/3069841/associate-scientist-therapeutic-proteins/	source: biospace:preclinical safety | local/hybrid location match | senior role with relevant keywords: scientist (+10) | keyword hits (2): oncology, antibody (+12) | target company match: regeneron (+10) | match tier: reject | final score: 32/50
2026-08-29T02:21:08.840347Z	REJECT	Senior Medical Director  Early Clinical Development	https://jobs.biospace.com/job/3068421/senior-medical-director-early-clinical-development/	source: biospace:preclinical safety | location mismatch
2026-08-29T02:21:08.840347Z	REJECT	Scientist I  Microglia	https://jobs.biospace.com/job/3069861/scientist-i-microglia/	source: biospace:preclinical safety | local/hybrid location match | match tier: reject | final score: 0/50
2026-08-29T02:21:08.840347Z	REJECT	Director  Biologics Development	https://jobs.biospace.com/job/3068392/director-biologics-development/	source: biospace:preclinical safety | location mismatch
2026-08-29T02:21:08.840347Z	REJECT	Principal Research Scientist II  Process Chemistry (Radiochemistry)	https://jobs.biospace.com/job/3068050/principal-research-scientist-ii-process-chemistry-radiochemistry-/	source: biospace:preclinical safety | location mismatch
2026-08-29T02:21:08.840347Z	REJECT	Principal Scientist  Inflammation	https://jobs.biospace.com/job/3069267/principal-scientist-inflammation/	source: biospace:preclinical safety | local/hybrid location match | senior role with relevant keywords: principal scientist, scientist (+10) | keyword hits (4): translational safety, clinical development, discovery, oncology (+24) | target company match: amgen (+10) | match tier: reject | final score: 44/50
2026-08-29T02:21:08.840347Z	REJECT	Associate  Scientist II Analyst Chemist	https://jobs.biospace.com/job/3070252/associate-scientist-ii-analyst-chemist/	source: biospace:preclinical safety | location mismatch
2026-08-29T02:21:08.840347Z	REJECT	Senior Scientist  Data I	https://jobs.biospace.com/job/3070238/senior-scientist-data-i/	source: biospace:preclinical safety | location mismatch
2026-08-29T02:21:08.840347Z	REJECT	Executive Medical Director  CardioRenal	https://jobs.biospace.com/job/3069669/executive-medical-director-cardiorenal/	source: biospace:preclinical safety | location mismatch
2026-08-29T02:21:08.840347Z	REJECT	Principal Scientist - Therapeutic Antibody Characterization	https://jobs.biospace.com/job/3067681/principal-scientist-therapeutic-antibody-characterization/?LinkSource=PremiumListing	source: biospace:preclinical safety | location mismatch
2026-08-29T02:21:08.840347Z	REJECT	Associate Director / Director  CMC Product Development	https://jobs.biospace.com/job/3067567/associate-director-director-cmc-product-development/	source: biospace:preclinical safety | location mismatch
2026-08-29T02:21:08.840347Z	REJECT	Senior/Executive Medical Director  Clinical Development (New Indications)	https://jobs.biospace.com/job/3067452/senior-executive-medical-director-clinical-development-new-indications-/	source: biospace:preclinical safety | local/hybrid location match | senior role with relevant keywords: director (+10) | keyword hits (6): ind, clinical development, development strategy, regulatory strategy, fda, cta (+36) | match tier: reject | final score: 46/50
2026-08-29T02:21:08.840347Z	REJECT	Sr. Scientist  Therapeutics & Translational Bioinformatics	https://jobs.biospace.com/job/3067757/sr-scientist-therapeutics-and-translational-bioinformatics/	source: biospace:preclinical safety | local/hybrid location match | senior role with relevant keywords: scientist (+10) | keyword hits (3): clinical development, discovery, oncology (+18) | target company match: moderna (+10) | match tier: reject | final score: 38/50
2026-08-29T02:21:08.840347Z	REJECT	cGMP HVAC Mechanic	https://jobs.biospace.com/job/3065697/cgmp-hvac-mechanic/	source: biospace:preclinical safety | location mismatch
2026-08-29T02:21:08.840347Z	REJECT	Associate Scientist  In vivo Pharmacology  Inflammation	https://jobs.biospace.com/job/3070564/associate-scientist-in-vivo-pharmacology-inflammation/	source: biospace:preclinical safety | location mismatch
2026-08-29T02:21:08.840347Z	REJECT	Associate Scientist  In vivo Pharmacology  Inflammation	https://jobs.biospace.com/job/3070563/associate-scientist-in-vivo-pharmacology-inflammation/	source: biospace:preclinical safety | local/hybrid location match | senior role with relevant keywords: scientist (+10) | keyword hits (2): discovery, oncology (+12) | target company match: amgen (+10) | match tier: reject | final score: 32/50
2026-08-29T02:21:08.840347Z	REJECT	Senior Associate Scientist - Drug Product Development	https://jobs.biospace.com/job/3070122/senior-associate-scientist-drug-product-development/	source: biospace:preclinical safety | local/hybrid location match | senior role with relevant keywords: scientist (+10) | keyword hits (4): drug development, clinical development, discovery, small molecule (+24) | match tier: reject | final score: 34/50
2026-08-29T02:21:08.840347Z	REJECT	Senior Associate  Clinical Pharmacology Scientific Support & Reporting Writing	https://jobs.biospace.com/job/3070656/senior-associate-clinical-pharmacology-scientific-support-and-reporting-writing/	source: biospace:preclinical safety | location mismatch
2026-08-29T02:21:08.840347Z	REJECT	Scientist II  Oligonucleotides	https://jobs.biospace.com/job/3068228/scientist-ii-oligonucleotides/	source: biospace:preclinical safety | location mismatch
2026-08-29T02:21:08.840347Z	REJECT	Scientist l  Early Analytical Peptide Development	https://jobs.biospace.com/job/3065833/scientist-l-early-analytical-peptide-development/	source: biospace:preclinical safety | location mismatch
2026-08-29T02:21:08.840347Z	REJECT	Global Safety Officer  I&I	https://jobs.biospace.com/job/3067654/global-safety-officer-i-and-i/	source: biospace:safety assessment | local/hybrid location match | keyword hits (4): ind, clinical development, discovery, risk assessment (+24) | match tier: reject | final score: 24/50
2026-08-29T02:21:08.840347Z	REJECT	Global Safety Officer	https://jobs.biospace.com/job/3070962/global-safety-officer/	source: biospace:safety assessment | local/hybrid location match | keyword hits (3): ind, clinical development, risk assessment (+18) | match tier: reject | final score: 18/50
2026-08-29T02:21:08.840347Z	REJECT	Director  Pharmacovigilance / Product Safety	https://jobs.biospace.com/job/3067826/director-pharmacovigilance-product-safety/	source: biospace:safety assessment | location mismatch
2026-08-29T02:21:08.840347Z	REJECT	Senior Safety Data Scientist	https://jobs.biospace.com/job/3070813/senior-safety-data-scientist/	source: biospace:safety assessment | location mismatch
2026-08-29T02:21:08.840347Z	REJECT	Clinical Safety Analyst	https://jobs.biospace.com/job/3070446/clinical-safety-analyst/	source: biospace:safety assessment | location mismatch
2026-08-29T02:21:08.840347Z	REJECT	Associate Director  Pharmacovigilance/ Product Safety	https://jobs.biospace.com/job/3070100/associate-director-pharmacovigilance-product-safety/	source: biospace:safety assessment | location mismatch
2026-08-29T02:21:08.840347Z	REJECT	Associate Director  Safety Data Sciences	https://jobs.biospace.com/job/3069587/associate-director-safety-data-sciences/	source: biospace:safety assessment | local/hybrid location match | senior role with relevant keywords: director, associate director (+10) | keyword hits (3): drug development, clinical development, oncology (+18) | target company match: abbvie (+10) | match tier: reject | final score: 38/50
2026-08-29T02:21:08.840347Z	REJECT	Senior Director  Clinical Safety Scientist	https://jobs.biospace.com/job/3067930/senior-director-clinical-safety-scientist/	source: biospace:safety assessment | local/hybrid location match | excluded by keyword(s): clinical safety
2026-08-29T02:21:08.840347Z	REJECT	Senior Manager  Construction Contractor Safety	https://jobs.biospace.com/job/3070751/senior-manager-construction-contractor-safety/	source: biospace:safety assessment | location mismatch
2026-08-29T02:21:08.840347Z	REJECT	Associate Director  Environmental Health & Safety	https://jobs.biospace.com/job/3065482/associate-director-environmental-health-and-safety/	source: biospace:safety assessment | location mismatch
2026-08-29T02:21:08.840347Z	REJECT	Associate Medical Director  Medical Safety	https://jobs.biospace.com/job/3067540/associate-medical-director-medical-safety/	source: biospace:safety assessment | location mismatch
2026-08-29T02:21:08.840347Z	REJECT	Associate Director of Construction & Contractor Safety	https://jobs.biospace.com/job/3069389/associate-director-of-construction-and-contractor-safety/	source: biospace:safety assessment | location mismatch
2026-08-29T02:21:08.840347Z	REJECT	Director  Drug Safety & Pharmacovigilance - Japan	https://jobs.biospace.com/job/3065328/director-drug-safety-and-pharmacovigilance-japan/	source: biospace:safety assessment | location mismatch
2026-08-29T02:21:08.840347Z	REJECT	Manager/Sr. Manager  Drug Safety & PV	https://jobs.biospace.com/job/3068789/manager-sr-manager-drug-safety-and-pv/	source: biospace:safety assessment | location mismatch
2026-08-29T02:21:08.840347Z	REJECT	Medical Director  Drug Safety and Pharmacovigilance	https://jobs.biospace.com/job/3070860/medical-director-drug-safety-and-pharmacovigilance/	source: biospace:safety assessment | local/hybrid location match | excluded by keyword(s): pharmacovigilance, drug safety
2026-08-29T02:21:08.840347Z	REJECT	PharmD Program Associate - Safety Sciences	https://jobs.biospace.com/job/3070304/pharmd-program-associate-safety-sciences/	source: biospace:safety assessment | local/hybrid location match | keyword hits (2): clinical development, regulatory strategy (+12) | target company match: regeneron (+10) | match tier: reject | final score: 22/50
2026-08-29T02:21:08.840347Z	REJECT	VP  Global Patient Safety Sciences  General Medicine	https://jobs.biospace.com/job/3065028/vp-global-patient-safety-sciences-general-medicine/	source: biospace:safety assessment | local/hybrid location match | senior role with relevant keywords: vp (+10) | keyword hits (1): risk assessment (+6) | target company match: regeneron (+10) | match tier: reject | final score: 26/50
2026-08-29T02:21:08.840347Z	REJECT	Senior Medical Director  Immunology  Global Patient Safety	https://jobs.biospace.com/job/3070258/senior-medical-director-immunology-global-patient-safety/	source: biospace:safety assessment | location mismatch
2026-08-29T02:21:08.840347Z	REJECT	Director  Medical Safety Lead - DSPV  Gene Therapy	https://jobs.biospace.com/job/3065978/director-medical-safety-lead-dspv-gene-therapy/	source: biospace:safety assessment | location mismatch
2026-08-29T02:21:08.840347Z	REJECT	Global Pharmacovigilance Safety  Senior Manager- Obesity	https://jobs.biospace.com/job/3066140/global-pharmacovigilance-safety-senior-manager-obesity/	source: biospace:safety assessment | location mismatch
2026-08-29T02:21:08.840347Z	REJECT	Executive Director  Global Patient Safety Sciences Delivery	https://jobs.biospace.com/job/3067748/executive-director-global-patient-safety-sciences-delivery/	source: biospace:safety assessment | location mismatch
2026-08-29T02:21:08.840347Z	REJECT	Executive Director  Global Patient Safety Sciences Delivery	https://jobs.biospace.com/job/3067741/executive-director-global-patient-safety-sciences-delivery/	source: biospace:safety assessment | location mismatch
2026-08-29T02:21:08.840347Z	REJECT	Executive Director  Global Patient Safety Sciences Delivery	https://jobs.biospace.com/job/3067608/executive-director-global-patient-safety-sciences-delivery/	source: biospace:safety assessment | local/hybrid location match | senior role with relevant keywords: director (+10) | keyword hits (1): risk assessment (+6) | target company match: regeneron (+10) | match tier: reject | final score: 26/50
2026-08-29T02:21:08.840347Z	ACCEPT	Director  Global Patient Safety Sciences - General Medicine	https://jobs.biospace.com/job/3068983/director-global-patient-safety-sciences-general-medicine/	source: biospace:safety assessment | local/hybrid location match | senior role with relevant keywords: director (+10) | keyword hits (5): drug development, clinical development, fda, risk assessment, oncology (+30) | target company match: regeneron (+10) | match tier: borderline | final score: 50/50
2026-08-29T02:21:08.840347Z	REJECT	Signal Management Expert	https://jobs.biospace.com/job/3070967/signal-management-expert/	source: biospace:safety assessment | local/hybrid location match | keyword hits (2): drug development, discovery (+12) | match tier: reject | final score: 12/50
2026-08-29T02:21:08.840347Z	REJECT	China Regional PV Associate	https://jobs.biospace.com/job/3067568/china-regional-pv-associate/	source: biospace:safety assessment | location mismatch
2026-08-29T02:21:08.840347Z	REJECT	Senior Manager EHSS	https://jobs.biospace.com/job/3069288/senior-manager-ehss/	source: biospace:safety assessment | location mismatch
2026-08-29T02:21:08.840347Z	REJECT	Global Safety Medical Director  Early Development Rare Disease	https://jobs.biospace.com/job/3068357/global-safety-medical-director-early-development-rare-disease/	source: biospace:safety assessment | location mismatch
2026-08-29T02:21:08.840347Z	REJECT	Associate Director  Triage and Medical Review	https://jobs.biospace.com/job/3070006/associate-director-triage-and-medical-review/	source: biospace:safety assessment | location mismatch
2026-08-29T02:21:08.840347Z	REJECT	Senior Manager Medical Review	https://jobs.biospace.com/job/3068688/senior-manager-medical-review/	source: biospace:safety assessment | location mismatch
2026-08-29T02:21:08.840347Z	REJECT	Vice President Drug Safety	https://jobs.biospace.com/job/3065544/vice-president-drug-safety/	source: biospace:safety assessment | remote match | excluded by keyword(s): drug safety
2026-08-29T02:21:08.840347Z	REJECT	Environmental Health and Safety Specialist	https://jobs.biospace.com/job/3068882/environmental-health-and-safety-specialist/	source: biospace:safety assessment | location mismatch
2026-08-29T02:21:08.840347Z	REJECT	Senior Director  Safety Biostatistics	https://jobs.biospace.com/job/3069849/senior-director-safety-biostatistics/	source: biospace:safety assessment | local/hybrid location match | senior role with relevant keywords: director, senior director (+10) | keyword hits (8): drug development, clinical development, discovery, fda, regulatory submission, oncology (+36) | match tier: reject | final score: 46/50
2026-08-29T02:21:08.840347Z	REJECT	Sr. Principal - Industrial Hygienist	https://jobs.biospace.com/job/3065915/sr-principal-industrial-hygienist/	source: biospace:safety assessment | location mismatch
2026-08-29T02:21:08.840347Z	REJECT	EHS&S Sr. Manager	https://jobs.biospace.com/job/3065705/ehs-and-s-sr-manager/	source: biospace:safety assessment | location mismatch
2026-08-29T02:21:08.840347Z	REJECT	GLP Vendor Oversight and Quality Assurance Lead	https://jobs.biospace.com/job/3065325/glp-vendor-oversight-and-quality-assurance-lead/	source: biospace:nonclinical development | location mismatch
2026-08-29T02:21:08.840347Z	REJECT	Director  Regulatory Affairs - Development Strategy	https://jobs.biospace.com/job/3069085/director-regulatory-affairs-development-strategy/	source: biospace:nonclinical development | location mismatch
2026-08-29T02:21:08.840347Z	REJECT	Director  Regulatory Affairs (Strategy  I&I)	https://jobs.biospace.com/job/3065373/director-regulatory-affairs-strategy-i-and-i-/	source: biospace:nonclinical development | location mismatch
2026-08-29T02:21:08.840347Z	REJECT	Senior Director  Head of Regulatory & Medical Writing	https://jobs.biospace.com/job/3066049/senior-director-head-of-regulatory-and-medical-writing/	source: biospace:nonclinical development | location mismatch
2026-08-29T02:21:08.840347Z	REJECT	Director  Medical Writing	https://jobs.biospace.com/job/3065323/director-medical-writing/	source: biospace:nonclinical development | remote match | senior role with relevant keywords: director (+10) | keyword hits (2): clinical development, fda (+12) | match tier: reject | final score: 22/50
2026-08-29T02:21:08.840347Z	REJECT	Global Medical Director  Medical Affairs	https://jobs.biospace.com/job/3065975/global-medical-director-medical-affairs/	source: biospace:nonclinical development | location mismatch
2026-08-29T02:21:08.840347Z	REJECT	Executive Director  Regulatory Affairs	https://jobs.biospace.com/job/3070610/executive-director-regulatory-affairs/	source: biospace:nonclinical development | location mismatch
2026-08-29T02:21:08.840347Z	REJECT	Manager  Regulatory Affairs	https://jobs.biospace.com/job/3070811/manager-regulatory-affairs/	source: biospace:nonclinical development | location mismatch
2026-08-29T02:21:08.840347Z	REJECT	Associate Manager  Regulatory Affairs Strategy - Oncology	https://jobs.biospace.com/job/3069838/associate-manager-regulatory-affairs-strategy-oncology/	source: biospace:nonclinical development | local/hybrid location match | keyword hits (5): drug development, clinical development, regulatory strategy, fda, oncology (+30) | target company match: regeneron (+10) | match tier: reject | final score: 40/50
2026-08-29T02:21:08.840347Z	REJECT	Manager  Regulatory Affairs Strategy - Oncology	https://jobs.biospace.com/job/3069843/manager-regulatory-affairs-strategy-oncology/	source: biospace:nonclinical development | local/hybrid location match | keyword hits (3): drug development, fda, oncology (+18) | target company match: regeneron (+10) | match tier: reject | final score: 28/50
2026-08-29T02:21:08.840347Z	REJECT	Manager  Regulatory Affairs Strategy - Oncology	https://jobs.biospace.com/job/3069409/manager-regulatory-affairs-strategy-oncology/	source: biospace:nonclinical development | local/hybrid location match | keyword hits (3): drug development, fda, oncology (+18) | target company match: regeneron (+10) | match tier: reject | final score: 28/50
2026-08-29T02:21:08.840347Z	ACCEPT	Associate Director-Medical Writer	https://jobs.biospace.com/job/3065493/associate-director-medical-writer/	source: biospace:nonclinical development | local/hybrid location match | senior role with relevant keywords: director, associate director (+10) | keyword hits (7): drug development, ind, clinical development, discovery, fda, regulatory submission (+36) | target company match: eli lilly (+10) | match tier: borderline | final score: 56/50
2026-08-29T02:21:08.840347Z	ACCEPT	Senior Director - (Medical/M.D.) - ExploR&D Translational Medicine	https://jobs.biospace.com/job/3069874/senior-director-medical-m-d-explor-and-d-translational-medicine/	source: biospace:investigative toxicology | local/hybrid location match | senior role with relevant keywords: director, senior director (+10) | keyword hits (8): toxicology, safety assessment, drug development, ind, clinical development, discovery (+36) | target company match: eli lilly (+10) | match tier: borderline | final score: 56/50
2026-08-29T02:21:08.840347Z	REJECT	Senior Principal Scientist - Bioanalytical Research	https://jobs.biospace.com/job/3064845/senior-principal-scientist-bioanalytical-research/	source: biospace:investigative toxicology | location mismatch
2026-08-29T02:21:08.840347Z	REJECT	Director  Regulatory Affairs	https://jobs.biospace.com/job/3068396/director-regulatory-affairs/	source: biospace:investigative toxicology | location mismatch
2026-08-29T02:21:08.840347Z	REJECT	Director  Clinical Pharmacology	https://jobs.biospace.com/job/3070618/director-clinical-pharmacology/	source: biospace:investigative toxicology | location mismatch
2026-08-29T02:21:08.840347Z	REJECT	Translational Pharmacokinetics/ Biopharmaceutics Scientist and Laboratory Head	https://jobs.biospace.com/job/3064797/translational-pharmacokinetics-biopharmaceutics-scientist-and-laboratory-head/	source: biospace:investigative toxicology | location mismatch
2026-08-29T02:21:08.840347Z	REJECT	Director - ADME Project Leadership	https://jobs.biospace.com/job/3070727/director-adme-project-leadership/	source: biospace:investigative toxicology | location mismatch
2026-08-29T02:21:08.840347Z	REJECT	Advisor - RNA Chemistry	https://jobs.biospace.com/job/3068533/advisor-rna-chemistry/	source: biospace:investigative toxicology | location mismatch
2026-08-29T02:21:08.840347Z	ACCEPT	Director - In Vitro Pharmacology	https://jobs.biospace.com/job/3068521/director-in-vitro-pharmacology/	source: biospace:investigative toxicology | local/hybrid location match | senior role with relevant keywords: director (+10) | keyword hits (5): toxicology, ind, ind enabling, clinical development, discovery (+30) | target company match: eli lilly (+10) | match tier: borderline | final score: 50/50
2026-08-29T02:21:08.840347Z	REJECT	Executive Director  Clinical Development - Neurology	https://jobs.biospace.com/job/3067527/executive-director-clinical-development-neurology/	source: biospace:investigative toxicology | location mismatch
2026-08-29T02:21:08.840347Z	REJECT	Principal Scientist - Cardiometabolic Disorders	https://jobs.biospace.com/job/3067351/principal-scientist-cardiometabolic-disorders/	source: biospace:investigative toxicology | location mismatch
2026-08-29T02:21:08.840347Z	REJECT	Engineer II  Drug Product Development	https://jobs.biospace.com/job/3065261/engineer-ii-drug-product-development/	source: biospace:investigative toxicology | location mismatch
2026-08-29T02:21:08.840347Z	REJECT	Advisor – Process Engineer. Lilly Medicine Foundry	https://jobs.biospace.com/job/3068712/advisor-process-engineer-lilly-medicine-foundry/	source: biospace:investigative toxicology | location mismatch
2026-08-29T02:21:08.840347Z	REJECT	Scientific Director	https://careers.amgen.com/en/job/thousand-oaks/scientific-director/87/98720426464	source: amgen:toxicology | local/hybrid location match | senior role with relevant keywords: director (+10) | keyword hits (4): toxicology, risk assessment, oncology, toxicologist (+24) | target company match: amgen (+10) | match tier: reject | final score: 44/50
2026-08-29T02:21:08.840347Z	ACCEPT	Senior Principal Scientist	https://careers.amgen.com/en/job/thousand-oaks/senior-principal-scientist/87/98720426512	source: amgen:toxicology | local/hybrid location match | senior role with relevant keywords: principal scientist, senior principal scientist, scientist (+10) | keyword hits (5): toxicology, drug development, risk assessment, oncology, toxicologist (+30) | target company match: amgen (+10) | match tier: borderline | final score: 50/50
2026-08-29T02:21:08.840347Z	ACCEPT	Pathology Sr. Director	https://careers.amgen.com/en/job/washington-d-c/pathology-sr-director/87/96477788240	source: amgen:toxicology | local/hybrid location match | senior role with relevant keywords: director (+10) | keyword hits (8): nonclinical safety, toxicology, translational safety, discovery, glp, cro (+36) | target company match: amgen (+10) | match tier: borderline | final score: 56/50
2026-08-29T02:21:08.840347Z	ACCEPT	Scientific Associate Director - Project Toxicologist	https://careers.amgen.com/en/job/washington-d-c/scientific-associate-director-project-toxicologist/87/99510277760	source: amgen:toxicology | local/hybrid location match | exact/near target title: project toxicologist (+45) | domain title match: toxicologist (+20) | seniority + domain title: director, associate director (+20) | keyword hits (14): nonclinical safety, toxicology, safety assessment, project toxicologist, translational safety, drug development (+36) | target company match: amgen (+10) | match tier: strong | final score: 131/50
2026-08-29T02:21:08.840347Z	ACCEPT	Sr. Principal Scientist - Project Toxicologist	https://careers.amgen.com/en/job/washington-d-c/sr-principal-scientist-project-toxicologist/87/93966677040	source: amgen:toxicology | local/hybrid location match | exact/near target title: project toxicologist (+45) | domain title match: toxicologist (+20) | seniority + domain title: principal scientist, scientist (+20) | keyword hits (14): nonclinical safety, nonclinical development, toxicology, safety assessment, project toxicologist, translational safety (+36) | target company match: amgen (+10) | match tier: strong | final score: 131/50
2026-08-29T02:21:08.840347Z	ACCEPT	Principal Scientist - Clinical Pharmacology Modeling and Simulation	https://careers.amgen.com/en/job/thousand-oaks/principal-scientist-clinical-pharmacology-modeling-and-simulation/87/98097859552	source: amgen:toxicology | local/hybrid location match | senior role with relevant keywords: principal scientist, scientist (+10) | keyword hits (5): nonclinical development, toxicology, drug development, clinical development, oncology (+30) | target company match: amgen (+10) | match tier: borderline | final score: 50/50
2026-08-29T02:21:08.840347Z	ACCEPT	Safety Pharmacology Senior Scientist	https://careers.amgen.com/en/job/thousand-oaks/safety-pharmacology-senior-scientist/87/96531511648	source: amgen:toxicology | local/hybrid location match | senior role with relevant keywords: scientist, senior scientist (+10) | keyword hits (14): nonclinical safety, toxicology, safety assessment, translational safety, ind, ind enabling (+36) | target company match: amgen (+10) | match tier: borderline | final score: 56/50
2026-08-29T02:21:08.840347Z	ACCEPT	Scientific Associate Director - Safety Pharmacology	https://careers.amgen.com/en/job/thousand-oaks/scientific-associate-director-safety-pharmacology/87/95310528256	source: amgen:toxicology | local/hybrid location match | senior role with relevant keywords: director, associate director (+10) | keyword hits (13): nonclinical safety, toxicology, safety assessment, translational safety, discovery, regulatory strategy (+36) | target company match: amgen (+10) | match tier: borderline | final score: 56/50
2026-08-29T02:21:08.840347Z	REJECT	Specialist Software Engineer	https://careers.amgen.com/en/job/hyderabad/specialist-software-engineer/87/96592114256	source: amgen:toxicology | location mismatch
2026-08-29T02:21:08.840347Z	REJECT	Engineering Grad Co-op	https://careers.amgen.com/en/job/holly-springs/engineering-grad-co-op/87/99856553120	source: amgen:toxicology | local/hybrid location match | keyword hits (2): toxicology, oncology (+12) | target company match: amgen (+10) | match tier: reject | final score: 22/50
2026-08-29T02:21:08.840347Z	ACCEPT	Principal Scientist - Cardiometabolic Disorders	https://careers.amgen.com/en/job/thousand-oaks/principal-scientist-cardiometabolic-disorders/87/98859756560	source: amgen:toxicology | local/hybrid location match | senior role with relevant keywords: principal scientist, scientist (+10) | keyword hits (6): toxicology, clinical development, discovery, oncology, biologic, antibody (+36) | target company match: amgen (+10) | match tier: borderline | final score: 56/50
2026-08-29T02:21:08.840347Z	ACCEPT	Senior Scientist - Translational Safety & Risk Sciences (TSRS)	https://careers.amgen.com/en/job/washington-d-c/senior-scientist-translational-safety-and-risk-sciences-tsrs/87/96185582736	source: amgen:toxicology | local/hybrid location match | domain title match: translational safety (+20) | seniority + domain title: scientist, senior scientist (+20) | keyword hits (6): nonclinical safety, toxicology, translational safety, drug development, discovery, oncology (+36) | target company match: amgen (+10) | match tier: strong | final score: 86/50
2026-08-29T02:21:08.840347Z	REJECT	NAMs Science and Technology Integration Partner	https://careers.amgen.com/en/job/thousand-oaks/nams-science-and-technology-integration-partner/87/98906762992	source: amgen:nonclinical safety | local/hybrid location match | keyword hits (4): nonclinical safety, translational safety, discovery, oncology (+24) | target company match: amgen (+10) | match tier: reject | final score: 34/50
2026-08-29T02:21:08.840347Z	REJECT	Senior Manager  Service Contractor Safety	https://careers.amgen.com/en/job/thousand-oaks/senior-manager-service-contractor-safety/87/99731549008	source: amgen:nonclinical safety | local/hybrid location match | keyword hits (1): oncology (+6) | target company match: amgen (+10) | match tier: reject | final score: 16/50
2026-08-29T02:21:08.840347Z	REJECT	Senior Manager  Construction Contractor Safety	https://careers.amgen.com/en/job/new-albany/senior-manager-construction-contractor-safety/87/99731548976	source: amgen:nonclinical safety | local/hybrid location match | keyword hits (2): risk assessment, oncology (+12) | target company match: amgen (+10) | match tier: reject | final score: 22/50
2026-08-29T02:21:08.840347Z	REJECT	Global Safety Associate Medical Director	https://careers.amgen.com/en/job/hyderabad/global-safety-associate-medical-director/87/99522168496	source: amgen:nonclinical safety | location mismatch
2026-08-29T02:21:08.840347Z	REJECT	Global Safety Medical Director - Global Safety Officer  Oncology	https://careers.amgen.com/en/job/washington-d-c/global-safety-medical-director-global-safety-officer-oncology/87/97435006832	source: amgen:nonclinical safety | local/hybrid location match | senior role with relevant keywords: director (+10) | keyword hits (1): oncology (+6) | target company match: amgen (+10) | match tier: reject | final score: 26/50
2026-08-29T02:21:08.840347Z	REJECT	Global Safety Manager (Country Lead)	https://careers.amgen.com/en/job/rotkreuz/global-safety-manager-country-lead/87/96556596528	source: amgen:nonclinical safety | location mismatch
2026-08-29T02:21:08.840347Z	REJECT	Global Patient Safety Business Excellence  Senior Manager	https://careers.amgen.com/en/job/cambridge/global-patient-safety-business-excellence-senior-manager/87/99544638720	source: amgen:preclinical safety | local/hybrid location match | target company match: amgen (+10) | match tier: reject | final score: 10/50
2026-08-29T02:21:08.840347Z	REJECT	Global Pharmacovigilance Safety  Senior Manager- Obesity	https://careers.amgen.com/en/job/washington-d-c/global-pharmacovigilance-safety-senior-manager-obesity/87/97435008160	source: amgen:preclinical safety | local/hybrid location match | excluded by keyword(s): pharmacovigilance
2026-08-29T02:21:08.840347Z	REJECT	Global Safety Manager (14 Month Contract)	https://careers.amgen.com/en/job/mississauga/global-safety-manager-14-month-contract/87/96228408384	source: amgen:preclinical safety | location mismatch
2026-08-29T02:21:08.840347Z	REJECT	Principal Scientist  Inflammation	https://careers.amgen.com/en/job/south-san-francisco/principal-scientist-inflammation/87/97892117760	source: amgen:preclinical safety | local/hybrid location match | senior role with relevant keywords: principal scientist, scientist (+10) | keyword hits (4): translational safety, clinical development, discovery, oncology (+24) | target company match: amgen (+10) | match tier: reject | final score: 44/50
2026-08-29T02:21:08.840347Z	REJECT	Global Patient Safety Business Excellence  Senior Manager	https://careers.amgen.com/en/job/washington-d-c/global-patient-safety-business-excellence-senior-manager/87/98538036480	source: amgen:preclinical safety | local/hybrid location match | keyword hits (1): oncology (+6) | target company match: amgen (+10) | match tier: reject | final score: 16/50
2026-08-29T02:21:08.840347Z	REJECT	Global Safety Medical Director  Early Development Rare Disease	https://careers.amgen.com/en/job/washington-d-c/global-safety-medical-director-early-development-rare-disease/87/93425331072	source: amgen:preclinical safety | local/hybrid location match | senior role with relevant keywords: director (+10) | keyword hits (4): clinical development, development strategy, risk assessment, oncology (+24) | target company match: amgen (+10) | match tier: reject | final score: 44/50
2026-08-29T02:21:08.840347Z	REJECT	Senior Manager-Safety Biostatistics	https://careers.amgen.com/en/job/hyderabad/senior-manager-safety-biostatistics/87/92304529392	source: amgen:preclinical safety | location mismatch
2026-08-29T02:21:08.840347Z	REJECT	Manager  Environmental  Health  Safety and Sustainability	https://careers.amgen.com/en/job/thousand-oaks/manager-environmental-health-safety-and-sustainability/87/98803776864	source: amgen:safety assessment | local/hybrid location match | keyword hits (1): oncology (+6) | target company match: amgen (+10) | match tier: reject | final score: 16/50
2026-08-29T02:21:08.840347Z	REJECT	Sr. Director Environment  Health and Safety	https://careers.amgen.com/en/job/thousand-oaks/sr-director-environment-health-and-safety/87/98472603344	source: amgen:safety assessment | local/hybrid location match | senior role with relevant keywords: director (+10) | keyword hits (1): oncology (+6) | target company match: amgen (+10) | match tier: reject | final score: 26/50
2026-08-29T02:21:08.840347Z	REJECT	Senior Data Scientist - Safety Analytics & Signal Detection	https://careers.amgen.com/en/job/hyderabad/senior-data-scientist-safety-analytics-and-signal-detection/87/99713817184	source: amgen:safety assessment | location mismatch
2026-08-29T02:21:08.840347Z	REJECT	CMC Statistics Assoc Dir	https://careers.amgen.com/en/job/los-angeles/cmc-statistics-assoc-dir/87/99856551456	source: amgen:nonclinical development | local/hybrid location match | keyword hits (1): oncology (+6) | target company match: amgen (+10) | match tier: reject | final score: 16/50
2026-08-29T02:21:08.840347Z	ACCEPT	Process Development Senior Scientist	https://careers.amgen.com/en/job/thousand-oaks/process-development-senior-scientist/87/96316997104	source: amgen:nonclinical development | local/hybrid location match | senior role with relevant keywords: scientist, senior scientist (+10) | keyword hits (5): fda, glp, oncology, small molecule, small molecules (+30) | target company match: amgen (+10) | match tier: borderline | final score: 50/50
2026-08-29T02:21:08.840347Z	REJECT	Process Development Sr Scientist	https://careers.amgen.com/en/job/thousand-oaks/process-development-sr-scientist/87/94308980800	source: amgen:nonclinical development | local/hybrid location match | senior role with relevant keywords: scientist (+10) | keyword hits (3): glp, oncology, biologics (+18) | target company match: amgen (+10) | match tier: reject | final score: 38/50
2026-08-29T02:21:08.840347Z	ACCEPT	Process Development Sr Principal Scientist	https://careers.amgen.com/en/job/thousand-oaks/process-development-sr-principal-scientist/87/98391385536	source: amgen:nonclinical development | local/hybrid location match | senior role with relevant keywords: principal scientist, scientist (+10) | keyword hits (5): fda, glp, oncology, small molecule, small molecules (+30) | target company match: amgen (+10) | match tier: borderline | final score: 50/50
2026-08-29T02:21:08.840347Z	REJECT	Clinical Development Director  Early Development Oncology	https://careers.amgen.com/en/job/washington-d-c/clinical-development-director-early-development-oncology/87/99737628672	source: amgen:nonclinical development | local/hybrid location match | senior role with relevant keywords: director (+10) | keyword hits (4): drug development, clinical development, development strategy, oncology (+24) | target company match: amgen (+10) | match tier: reject | final score: 44/50
2026-08-29T02:21:08.840347Z	REJECT	Sr. Associate Process Development	https://careers.amgen.com/en/job/dun-laoghaire/sr-associate-process-development/87/99346471248	source: amgen:nonclinical development | location mismatch
2026-08-29T02:21:08.840347Z	REJECT	Sr. Engineer Process Development	https://careers.amgen.com/en/job/dublin/sr-engineer-process-development/87/99346471264	source: amgen:nonclinical development | location mismatch
2026-08-29T02:21:08.840347Z	REJECT	Specialist Manufacturing Investigations	https://careers.amgen.com/en/job/holly-springs/specialist-manufacturing-investigations/87/97804370016	source: amgen:investigative toxicology | local/hybrid location match | excluded by keyword(s): manufacturing
2026-08-29T02:21:08.840347Z	REJECT	Manager Manufacturing Programs – Investigations	https://careers.amgen.com/en/job/holly-springs/manager-manufacturing-programs-investigations/87/97749795984	source: amgen:investigative toxicology | local/hybrid location match | excluded by keyword(s): manufacturing
2026-08-29T02:21:08.840347Z	REJECT	Senior Specialist – Complex Investigations	https://careers.amgen.com/en/job/holly-springs/senior-specialist-complex-investigations/87/97749795024	source: amgen:investigative toxicology | local/hybrid location match | keyword hits (2): risk assessment, biologics (+12) | target company match: amgen (+10) | match tier: reject | final score: 22/50
2026-08-29T02:21:08.840347Z	REJECT	Senior Associate Manufacturing – Manufacturing Investigations	https://careers.amgen.com/en/job/holly-springs/senior-associate-manufacturing-manufacturing-investigations/87/95442331552	source: amgen:investigative toxicology | local/hybrid location match | excluded by keyword(s): manufacturing
2026-08-29T02:21:08.840347Z	REJECT	Senior Engineer - Complaints Technical Investigations	https://careers.amgen.com/en/job/thousand-oaks/senior-engineer-complaints-technical-investigations/87/99449554848	source: amgen:investigative toxicology | local/hybrid location match | keyword hits (1): oncology (+6) | target company match: amgen (+10) | match tier: reject | final score: 16/50
2026-08-29T02:21:08.840347Z	REJECT	Senior Specialist – Investigations & Regulatory Inspections	https://careers.amgen.com/en/job/holly-springs/senior-specialist-investigations-and-regulatory-inspections/87/97749795040	source: amgen:investigative toxicology | local/hybrid location match | keyword hits (2): fda, biologics (+12) | target company match: amgen (+10) | match tier: reject | final score: 22/50
2026-08-29T02:21:08.840347Z	REJECT	Senior Specialist – Contamination Control and Investigations	https://careers.amgen.com/en/job/holly-springs/senior-specialist-contamination-control-and-investigations/87/97749795008	source: amgen:investigative toxicology | local/hybrid location match | keyword hits (2): fda, biologics (+12) | target company match: amgen (+10) | match tier: reject | final score: 22/50
2026-08-29T02:21:08.840347Z	REJECT	Senior Director  In-Vivo & Non-Clinical Pharmacology  Research Business Insights & Technology	https://jobs.bms.com/careers/job/137482729691	source: bms:toxicology | local/hybrid location match | senior role with relevant keywords: director, senior director (+10) | keyword hits (3): toxicology, glp, dmpk (+18) | target company match: bristol myers squibb (+10) | match tier: reject | final score: 38/50
2026-08-29T02:21:08.840347Z	ACCEPT	Director  Biology Group Lead	https://jobs.bms.com/careers/job/137482709531	source: bms:toxicology | local/hybrid location match | senior role with relevant keywords: director, lead (+10) | keyword hits (8): toxicology, ind, ind enabling, clinical development, discovery, development candidate (+36) | target company match: bristol myers squibb (+10) | match tier: borderline | final score: 56/50
2026-08-29T02:21:08.840347Z	REJECT	Senior Director  CMC Team Leader	https://jobs.bms.com/careers/job/137482008352	source: bms:toxicology | location mismatch
2026-08-29T02:21:08.840347Z	ACCEPT	Associate Director  In-Vivo Pharmacology	https://jobs.bms.com/careers/job/137480506396	source: bms:toxicology | local/hybrid location match | senior role with relevant keywords: director, associate director (+10) | keyword hits (6): toxicology, ind, ind enabling, discovery, dmpk, oncology (+36) | target company match: bristol myers squibb (+10) | match tier: borderline | final score: 56/50
2026-08-29T02:21:08.840347Z	REJECT	Associate Director  Global Scientific and Regulatory Documentation  Content Strategy	https://jobs.bms.com/careers/job/137482600717	source: bms:toxicology | location mismatch
2026-08-29T02:21:08.840347Z	ACCEPT	Associate Director Global Regulatory Sciences - Oncology	https://jobs.bms.com/careers/job/137481512607	source: bms:toxicology | local/hybrid location match | senior role with relevant keywords: director, associate director (+10) | keyword hits (6): drug development, ind, regulatory strategy, fda, cta, oncology (+36) | target company match: bristol myers squibb (+10) | match tier: borderline | final score: 56/50
2026-08-29T02:21:08.840347Z	ACCEPT	Senior Scientist  Cancer Immunology Translational Research	https://jobs.bms.com/careers/job/137478863880	source: bms:toxicology | local/hybrid location match | senior role with relevant keywords: scientist, senior scientist (+10) | keyword hits (6): drug development, ind, ind enabling, clinical development, discovery, oncology (+36) | target company match: bristol myers squibb (+10) | match tier: borderline | final score: 56/50
2026-08-29T02:21:08.840347Z	REJECT	Senior Scientist  Discovery Biology	https://jobs.bms.com/careers/job/137482866771	source: bms:toxicology | local/hybrid location match | senior role with relevant keywords: scientist, senior scientist (+10) | keyword hits (4): clinical development, discovery, oncology, small molecules (+24) | target company match: bristol myers squibb (+10) | match tier: reject | final score: 44/50
2026-08-29T02:21:08.840347Z	ACCEPT	Senior Scientist  Translational Research (Oncology TRC)	https://jobs.bms.com/careers/job/137482601510	source: bms:toxicology | local/hybrid location match | senior role with relevant keywords: scientist, senior scientist (+10) | keyword hits (5): ind, ind enabling, clinical development, discovery, oncology (+30) | target company match: bristol myers squibb (+10) | match tier: borderline | final score: 50/50
2026-08-29T02:21:08.840347Z	REJECT	Senior Associate Scientist - Engineered Cell Therapy Discovery	https://jobs.bms.com/careers/job/137481260797	source: bms:toxicology | location mismatch
2026-08-29T02:21:08.840347Z	REJECT	Director  Program Management  Neuroscience	https://jobs.bms.com/careers/job/137481637299	source: bms:toxicology | local/hybrid location match | senior role with relevant keywords: director (+10) | keyword hits (4): drug development, ind, development strategy, cta (+24) | target company match: bristol myers squibb (+10) | match tier: reject | final score: 44/50
2026-08-29T02:21:08.840347Z	REJECT	Research Investigator	https://jobs.bms.com/careers/job/137482233511	source: bms:toxicology | location mismatch
2026-08-29T02:21:08.840347Z	REJECT	Principal Scientist  Radiopharmaceutical Development/CMC	https://jobs.bms.com/careers/job/137481275768	source: bms:toxicology | location mismatch
2026-08-29T02:21:08.840347Z	REJECT	Scientist - Biologics	https://jobs.bms.com/careers/job/137483095361	source: bms:toxicology | location mismatch
2026-08-29T02:21:08.840347Z	REJECT	Associate Director  Global Medical Affairs  SLE	https://jobs.bms.com/careers/job/137479615887	source: bms:toxicology | location mismatch
2026-08-29T02:21:08.840347Z	REJECT	Senior Medical Director Clinical Development - Prostate Cancer	https://jobs.bms.com/careers/job/137481813135	source: bms:toxicology | location mismatch
2026-08-29T02:21:08.840347Z	REJECT	Director  WW Autoimmune Cell Therapy Medical Affairs	https://jobs.bms.com/careers/job/137481300167	source: bms:toxicology | location mismatch
2026-08-29T02:21:08.840347Z	REJECT	Senior Scientist  Engineered Cell Therapy Discovery	https://jobs.bms.com/careers/job/137481980443	source: bms:toxicology | location mismatch
2026-08-29T02:21:08.840347Z	REJECT	Associate Director  Drug Development Excellence	https://jobs.bms.com/careers/job/137481940057	source: bms:toxicology | local/hybrid location match | senior role with relevant keywords: director, associate director (+10) | keyword hits (2): drug development, clinical development (+12) | target company match: bristol myers squibb (+10) | match tier: reject | final score: 32/50
2026-08-29T02:21:08.840347Z	REJECT	Associate Director Global Clinical Physician Rheumatology - Immunology	https://jobs.bms.com/careers/job/137482024649	source: bms:toxicology | location mismatch
2026-08-29T02:21:08.840347Z	REJECT	Senior Manager  Patient Safety Scientist	https://jobs.bms.com/careers/job/137481823539	source: bms:nonclinical safety | location mismatch
2026-08-29T02:21:08.840347Z	REJECT	Clinical Trial Physician (CTP)	https://jobs.bms.com/careers/job/137482166348	source: bms:nonclinical safety | location mismatch
2026-08-29T02:21:08.840347Z	REJECT	Senior Medical Director  Radiopharmaceutical Imaging (RPI)	https://jobs.bms.com/careers/job/137481158734	source: bms:nonclinical safety | location mismatch
2026-08-29T02:21:08.840347Z	REJECT	Principal Scientist  Engineered Cell Therapy Discovery	https://jobs.bms.com/careers/job/137482866908	source: bms:preclinical safety | location mismatch
2026-08-29T02:21:08.840347Z	REJECT	Senior Associate Scientist  Synthetic/Medicinal chemistry	https://jobs.bms.com/careers/job/137482655400	source: bms:preclinical safety | local/hybrid location match | senior role with relevant keywords: scientist (+10) | keyword hits (3): oncology, small molecule, small molecules (+18) | target company match: bristol myers squibb (+10) | match tier: reject | final score: 38/50
2026-08-29T02:21:08.840347Z	REJECT	Director Digital Health	https://jobs.bms.com/careers/job/137482548887	source: bms:preclinical safety | local/hybrid location match | senior role with relevant keywords: director (+10) | keyword hits (4): drug development, regulatory strategy, fda, oncology (+24) | target company match: bristol myers squibb (+10) | match tier: reject | final score: 44/50
2026-08-29T02:21:08.840347Z	ACCEPT	Executive Director  Medical Safety Assessment Therapeutic Lead  Neuroscience	https://jobs.bms.com/careers/job/137480982147	source: bms:safety assessment | local/hybrid location match | domain title match: safety assessment (+20) | seniority + domain title: director, lead (+20) | keyword hits (6): safety assessment, drug development, clinical development, cta, risk assessment, oncology (+36) | target company match: bristol myers squibb (+10) | match tier: strong | final score: 86/50
2026-08-29T02:21:08.840347Z	ACCEPT	Director  Medical Safety Assessment Physician	https://jobs.bms.com/careers/job/137481072900	source: bms:safety assessment | local/hybrid location match | domain title match: safety assessment (+20) | seniority + domain title: director (+20) | keyword hits (5): safety assessment, drug development, clinical development, cta, oncology (+30) | target company match: bristol myers squibb (+10) | match tier: strong | final score: 80/50
2026-08-29T02:21:08.840347Z	ACCEPT	Director  Medical Safety Assessment Physician  Neuroscience	https://jobs.bms.com/careers/job/137480712805	source: bms:safety assessment | local/hybrid location match | domain title match: safety assessment (+20) | seniority + domain title: director (+20) | keyword hits (4): safety assessment, drug development, clinical development, cta (+24) | target company match: bristol myers squibb (+10) | match tier: strong | final score: 74/50
2026-08-29T02:21:08.840347Z	ACCEPT	Director  Medical Safety Assessment Physician	https://jobs.bms.com/careers/job/137481072904	source: bms:safety assessment | local/hybrid location match | domain title match: safety assessment (+20) | seniority + domain title: director (+20) | keyword hits (5): safety assessment, drug development, clinical development, cta, oncology (+30) | target company match: bristol myers squibb (+10) | match tier: strong | final score: 80/50
2026-08-29T02:21:08.840347Z	REJECT	Associate Director  Patient Safety Scientist	https://jobs.bms.com/careers/job/137482143791	source: bms:safety assessment | local/hybrid location match | senior role with relevant keywords: director, associate director, scientist (+10) | keyword hits (3): safety assessment, drug development, clinical development (+18) | target company match: bristol myers squibb (+10) | match tier: reject | final score: 38/50
2026-08-29T02:21:08.840347Z	REJECT	Associate Technical Writer (Deviation Assessment)  CAR-T Manufacturing Technical Support	https://jobs.bms.com/careers/job/137482743612	source: bms:safety assessment | location mismatch
2026-08-29T02:21:08.840347Z	REJECT	Associate Technical Writer (Deviation Assessment)  CAR-T Manufacturing Technical Support	https://jobs.bms.com/careers/job/137482743802	source: bms:safety assessment | location mismatch
2026-08-29T02:21:08.840347Z	REJECT	RayzeBio Safety MD Senior Director	https://jobs.bms.com/careers/job/137483159166	source: bms:safety assessment | location mismatch
2026-08-29T02:21:08.840347Z	REJECT	Safety and Occupational Health Manager	https://jobs.bms.com/careers/job/137482601633	source: bms:safety assessment | location mismatch
2026-08-29T02:21:08.840347Z	REJECT	Pharmacovigilance Associate II	https://jobs.bms.com/careers/job/137478707339	source: bms:safety assessment | location mismatch
2026-08-29T02:21:08.840347Z	REJECT	Manager  EHS	https://jobs.bms.com/careers/job/137482948723	source: bms:safety assessment | location mismatch
2026-08-29T02:21:08.840347Z	REJECT	Director  Global Clinical Physician (Cardiovascular)	https://jobs.bms.com/careers/job/137482531396	source: bms:safety assessment | local/hybrid location match | senior role with relevant keywords: director (+10) | keyword hits (3): drug development, clinical development, risk assessment (+18) | target company match: bristol myers squibb (+10) | match tier: reject | final score: 38/50
2026-08-29T02:21:08.840347Z	REJECT	Associate Director  Training and Deviations	https://jobs.bms.com/careers/job/137482747478	source: bms:safety assessment | location mismatch
2026-08-29T02:21:08.840347Z	REJECT	Associate Director  Commercial Regulatory Affairs	https://jobs.bms.com/careers/job/137481864348	source: bms:safety assessment | location mismatch
2026-08-29T02:21:08.840347Z	REJECT	Associate Director  Epidemiology Strategist	https://jobs.bms.com/careers/job/137482923046	source: bms:safety assessment | local/hybrid location match | senior role with relevant keywords: director, associate director (+10) | keyword hits (3): drug development, cro, risk assessment (+18) | target company match: bristol myers squibb (+10) | match tier: reject | final score: 38/50
2026-08-29T02:21:08.840347Z	REJECT	Senior Manager Heating  Ventilation & Air Conditioning (HVAC) Subject Matter Expert	https://jobs.bms.com/careers/job/137483109517	source: bms:safety assessment | location mismatch
2026-08-29T02:21:08.840347Z	REJECT	Associate Director  EHS	https://jobs.bms.com/careers/job/137482099875	source: bms:safety assessment | location mismatch
2026-08-29T02:21:08.840347Z	REJECT	Principal Scientist  Staff Veterinarian	https://jobs.bms.com/careers/job/137482115341	source: bms:safety assessment | location mismatch
2026-08-29T02:21:08.840347Z	REJECT	Associate III Manufacturing  Cell Therapy	https://jobs.bms.com/careers/job/137476818088	source: bms:safety assessment | location mismatch
2026-08-29T02:21:08.840347Z	REJECT	Sr Medical Director Clinical Development - Radiopharmaceuticals HCC and GI cancers	https://jobs.bms.com/careers/job/137482640695	source: bms:nonclinical development | location mismatch
2026-08-29T02:21:08.840347Z	REJECT	Director  Global Regulatory Lead	https://jobs.bms.com/careers/job/137482246801	source: bms:nonclinical development | local/hybrid location match | senior role with relevant keywords: director, lead (+10) | keyword hits (1): regulatory strategy (+6) | target company match: bristol myers squibb (+10) | match tier: reject | final score: 26/50
2026-08-29T02:21:08.840347Z	REJECT	Senior Manager  GRS Heme/Onc	https://jobs.bms.com/careers/job/137481512628	source: bms:nonclinical development | location mismatch
2026-08-29T02:21:08.840347Z	REJECT	Senior Principal Scientist  Neuroscience  Clinical Biomarker  Late Phases  Translational Medicine	https://jobs.bms.com/careers/job/137480733928	source: bms:nonclinical development | local/hybrid location match | senior role with relevant keywords: principal scientist, senior principal scientist, scientist (+10) | keyword hits (3): drug development, cro, oncology (+18) | target company match: bristol myers squibb (+10) | match tier: reject | final score: 38/50
2026-08-29T02:21:08.840347Z	REJECT	Manager  Regulatory Affairs Project Management	https://jobs.bms.com/careers/job/137483115748	source: bms:nonclinical development | location mismatch
2026-08-29T02:21:08.840347Z	ACCEPT	Advisor / Senior Advisor  CNS/PNS NAMs – Investigative Toxicology	https://lilly.wd115.myworkdayjobs.com/LLY/job/US-Indianapolis-IN/Advisor---Senior-Advisor--CNS-PNS-NAMs---Investigative-Toxicology_R-107871	source: lilly:toxicology | local/hybrid location match | domain title match: toxicology, investigative toxicology (+20) | seniority + domain title: advisor (+20) | keyword hits (4): toxicology, discovery, cro, investigative toxicology (+24) | target company match: eli lilly (+10) | match tier: strong | final score: 74/50
2026-08-29T02:21:08.840347Z	ACCEPT	Advisor / Senior Advisor  Cardiovascular NAMs – Investigative Toxicology	https://lilly.wd115.myworkdayjobs.com/LLY/job/US-Indianapolis-IN/Advisor---Senior-Advisor--Cardiovascular-NAMs---Investigative-Toxicology_R-107876-1	source: lilly:toxicology | local/hybrid location match | domain title match: toxicology, investigative toxicology (+20) | seniority + domain title: advisor (+20) | keyword hits (7): toxicology, discovery, fda, safety pharmacology, oncology, qt (+36) | target company match: eli lilly (+10) | match tier: strong | final score: 86/50
2026-08-29T02:21:08.840347Z	ACCEPT	Advisor – Process Engineer. Lilly Medicine Foundry	https://lilly.wd115.myworkdayjobs.com/LLY/job/US-Lebanon-IN/Advisor---Process-Engineer-Lilly-Medicine-Foundry_R-102453	source: lilly:toxicology | local/hybrid location match | senior role with relevant keywords: advisor (+10) | keyword hits (6): toxicology, drug development, discovery, small molecule, small molecules, novel modality (+36) | target company match: eli lilly (+10) | match tier: borderline | final score: 56/50
2026-08-29T02:21:08.840347Z	REJECT	Discovery ADME Project Leader (Radioligand Therapeutics)	https://lilly.wd115.myworkdayjobs.com/LLY/job/US-Indianapolis-IN/Discovery-ADME-Project-Leader--Radioligand-Therapeutics-_R-110490	source: lilly:toxicology | local/hybrid location match | keyword hits (4): toxicology, discovery, dmpk, small molecule (+24) | target company match: eli lilly (+10) | match tier: reject | final score: 34/50
2026-08-29T02:21:08.840347Z	REJECT	Discovery ADME Project Leader	https://lilly.wd115.myworkdayjobs.com/LLY/job/US-Indianapolis-IN/Discovery-ADME-Project-Leader_R-108702	source: lilly:toxicology | local/hybrid location match | keyword hits (4): toxicology, discovery, dmpk, small molecule (+24) | target company match: eli lilly (+10) | match tier: reject | final score: 34/50
2026-08-29T02:21:08.840347Z	REJECT	Senior Scientific Data Curator	https://lilly.wd115.myworkdayjobs.com/LLY/job/US-Indianapolis-IN/Senior-Scientific-Data-Curator_R-110524	source: lilly:toxicology | local/hybrid location match | keyword hits (8): toxicology, discovery, dmpk, oncology, small molecule, small molecules (+36) | target company match: eli lilly (+10) | match tier: reject | final score: 46/50
2026-08-29T02:21:08.840347Z	REJECT	Group Leader  Environmental Risk Assessor	https://lilly.wd115.myworkdayjobs.com/LLY/job/US-Indianapolis-IN/Research-Advisor_R-109584	source: lilly:toxicology | local/hybrid location match | keyword hits (5): toxicology, discovery, glp, cro, risk assessment (+30) | target company match: eli lilly (+10) | match tier: reject | final score: 40/50
2026-08-29T02:21:08.840347Z	REJECT	Director – Executive Director  PK/PD &amp; Pharmacometrics (Level based on experience)	https://lilly.wd115.myworkdayjobs.com/LLY/job/GB-Arlington-Square/Director---Executive-Director--PK-PD---Pharmacometrics--Level-based-on-experience-_R-109956	source: lilly:toxicology | location mismatch
2026-08-29T02:21:08.840347Z	ACCEPT	Director - ADME Project Leadership	https://lilly.wd115.myworkdayjobs.com/LLY/job/US-Indianapolis-IN/Director---ADME-Project-Leadership_R-110508	source: lilly:toxicology | local/hybrid location match | senior role with relevant keywords: director (+10) | keyword hits (6): toxicology, ind, discovery, dmpk, small molecules, biologics (+36) | target company match: eli lilly (+10) | match tier: borderline | final score: 56/50
2026-08-29T02:21:08.840347Z	ACCEPT	Advisor - RNA Chemistry	https://lilly.wd115.myworkdayjobs.com/LLY/job/US-Indianapolis-IN/Advisor---RNA-Chemistry_R-107494	source: lilly:toxicology | local/hybrid location match | senior role with relevant keywords: advisor (+10) | keyword hits (5): toxicology, discovery, small molecule, small molecules, antibody (+30) | target company match: eli lilly (+10) | match tier: borderline | final score: 50/50
2026-08-29T02:21:08.840347Z	REJECT	Advisor - Project Manager - Global Facilities Delivery	https://lilly.wd115.myworkdayjobs.com/LLY/job/US-Pleasant-Prairie-WI/Advisor---Project-Manager---Global-Facilities-Delivery_R-104509-1	source: lilly:nonclinical safety | local/hybrid location match | senior role with relevant keywords: advisor (+10) | keyword hits (1): discovery (+6) | target company match: eli lilly (+10) | match tier: reject | final score: 26/50
2026-08-29T02:21:08.840347Z	REJECT	Engineer - Project Manager - GFD	https://lilly.wd115.myworkdayjobs.com/LLY/job/US-Indianapolis-IN/Engineer---Project-Manager---GFD_R-109842	source: lilly:nonclinical safety | local/hybrid location match | keyword hits (1): discovery (+6) | target company match: eli lilly (+10) | match tier: reject | final score: 16/50
2026-08-29T02:21:08.840347Z	REJECT	Advisor - Program Manager - GFD	https://lilly.wd115.myworkdayjobs.com/LLY/job/US-Indianapolis-IN/Advisor---Program-Manager---GFD_R-109838	source: lilly:nonclinical safety | local/hybrid location match | senior role with relevant keywords: advisor (+10) | keyword hits (1): discovery (+6) | target company match: eli lilly (+10) | match tier: reject | final score: 26/50
2026-08-29T02:21:08.840347Z	REJECT	Process Automation&nbsp;Engineer&nbsp;– Packaging	https://lilly.wd115.myworkdayjobs.com/LLY/job/US-Pleasant-Prairie-WI/Process-Automation-Engineer---Packaging_R-110713-1	source: lilly:nonclinical safety | local/hybrid location match | keyword hits (1): discovery (+6) | target company match: eli lilly (+10) | match tier: reject | final score: 16/50
2026-08-29T02:21:08.840347Z	REJECT	Process Automation&nbsp;Engineer&nbsp;– Device Assembly 	https://lilly.wd115.myworkdayjobs.com/LLY/job/US-Pleasant-Prairie-WI/Process-Automation-Engineer---Device-Assembly-_R-110716	source: lilly:nonclinical safety | local/hybrid location match | keyword hits (1): discovery (+6) | target company match: eli lilly (+10) | match tier: reject | final score: 16/50
2026-08-29T02:21:08.840347Z	REJECT	Process Engineer&nbsp;– Device Assembly	https://lilly.wd115.myworkdayjobs.com/LLY/job/US-Pleasant-Prairie-WI/Process-Engineer---Device-Assembly_R-110723	source: lilly:nonclinical safety | local/hybrid location match | keyword hits (1): discovery (+6) | target company match: eli lilly (+10) | match tier: reject | final score: 16/50
2026-08-29T02:21:08.840347Z	REJECT	Process Engineer&nbsp;– Packaging	https://lilly.wd115.myworkdayjobs.com/LLY/job/US-Pleasant-Prairie-WI/Process-Engineer---Packaging_R-110719	source: lilly:nonclinical safety | local/hybrid location match | keyword hits (1): discovery (+6) | target company match: eli lilly (+10) | match tier: reject | final score: 16/50
2026-08-29T02:21:08.840347Z	REJECT	Maintenance Technician	https://lilly.wd115.myworkdayjobs.com/LLY/job/US-Pleasant-Prairie-WI/Maintenance-Technician_R-109749	source: lilly:nonclinical safety | local/hybrid location match | excluded by keyword(s): technician
2026-08-29T02:21:08.840347Z	REJECT	Engineer - Electrical	https://lilly.wd115.myworkdayjobs.com/LLY/job/US-Pleasant-Prairie-WI/Engineer---Electrical_R-110885	source: lilly:nonclinical safety | local/hybrid location match | keyword hits (2): discovery, risk assessment (+12) | target company match: eli lilly (+10) | match tier: reject | final score: 22/50
2026-08-29T02:21:08.840347Z	REJECT	Night Shift Technician - Utilities Maintenance	https://lilly.wd115.myworkdayjobs.com/LLY/job/US-Pleasant-Prairie-WI/Technician---Utilities-Maintenance_R-109854	source: lilly:nonclinical safety | local/hybrid location match | excluded by keyword(s): technician
2026-08-29T02:21:08.840347Z	REJECT	Associate Director - Quality Assurance - Device Assembly	https://lilly.wd115.myworkdayjobs.com/LLY/job/US-Pleasant-Prairie-WI/Associate-Director---Quality-Assurance---Device-Assembly_R-100000	source: lilly:nonclinical development | local/hybrid location match | excluded by keyword(s): quality assurance
2026-08-29T02:21:08.840347Z	REJECT	Principal Engineer – Visual Inspection	https://lilly.wd115.myworkdayjobs.com/LLY/job/US-Pleasant-Prairie-WI/Principal-Engineer---Visual-Inspection_R-105326	source: lilly:nonclinical development | local/hybrid location match | keyword hits (2): discovery, fda (+12) | target company match: eli lilly (+10) | match tier: reject | final score: 22/50
2026-08-29T02:21:08.840347Z	REJECT	Engineer - Project Engineer-Design Lead	https://lilly.wd115.myworkdayjobs.com/LLY/job/US-Huntsville-AL/Engineer---Project-Engineer-Design-Lead_R-101956	source: lilly:nonclinical development | local/hybrid location match | senior role with relevant keywords: lead (+10) | keyword hits (1): discovery (+6) | target company match: eli lilly (+10) | match tier: reject | final score: 26/50
2026-08-29T02:21:08.840347Z	REJECT	Engineering Associate Director (AD) - Device Assembly	https://lilly.wd115.myworkdayjobs.com/LLY/job/US-Pleasant-Prairie-WI/Engineering-Associate-Director--AD----Device-Assembly_R-99950	source: lilly:nonclinical development | local/hybrid location match | senior role with relevant keywords: director, associate director (+10) | keyword hits (2): discovery, fda (+12) | target company match: eli lilly (+10) | match tier: reject | final score: 32/50
2026-08-29T02:21:08.840347Z	REJECT	Quality Assurance Senior Specialist - Statistical Sorting	https://lilly.wd115.myworkdayjobs.com/LLY/job/US-Pleasant-Prairie-WI/Quality-Assurance-Senior-Specialist---Statistical-Sorting_R-110190	source: lilly:nonclinical development | local/hybrid location match | excluded by keyword(s): quality assurance
2026-08-29T02:21:08.840347Z	REJECT	Sr. Associate-Production Scheduler	https://lilly.wd115.myworkdayjobs.com/LLY/job/US-Pleasant-Prairie-WI/Sr-Associate-Production-Scheduler_R-109883	source: lilly:nonclinical development | local/hybrid location match | keyword hits (1): discovery (+6) | target company match: eli lilly (+10) | match tier: reject | final score: 16/50
2026-08-29T02:21:08.840347Z	REJECT	Project Controls Director  Global Facilities Delivery	https://lilly.wd115.myworkdayjobs.com/LLY/job/US-Pleasant-Prairie-WI/Project-Controls-Director--Global-Facilities-Delivery_R-109869	source: lilly:nonclinical development | local/hybrid location match | senior role with relevant keywords: director (+10) | keyword hits (1): discovery (+6) | target company match: eli lilly (+10) | match tier: reject | final score: 26/50
2026-08-29T02:21:08.840347Z	REJECT	Engineering Automation Technician	https://lilly.wd115.myworkdayjobs.com/LLY/job/US-Pleasant-Prairie-WI/Engineering-Automation-Technician_R-109750	source: lilly:nonclinical development | local/hybrid location match | excluded by keyword(s): technician
2026-08-29T02:21:08.840347Z	REJECT	Senior/Principal Scientist – Peptide Technical Services &amp; Manufacturing Science (TS/MS)  API External Manufacturing	https://lilly.wd115.myworkdayjobs.com/LLY/job/US-Indianapolis-IN/Senior-Principal-Scientist---Peptide-Technical-Services---Manufacturing-Science--TS-MS---API-External-Manufacturing_R-108183	source: lilly:investigative toxicology | local/hybrid location match | excluded by keyword(s): manufacturing
